"1";"724";"Suite 102";"2100";"0.00";"inclusive";"17.00";"sqft";;;;"0.00";"sqft";;;"0.00";"0.00";"0.00";;;"0.00";"4.0/1,000";;"0.00";;;"0";"Block: 0.00, Lot:,0.00";;;"0.00";"1"
"2";"724";"old 100";"2000";"0.00";"inclusive";"17.00";"sqft";;;;"0.00";"sqft";;;"0.00";"0.00";"0.00";;;"0.00";"4.0/1,000";;"0.00";;;"0";"Block: 0.00, Lot:,0.00";;;"0.00";"0"
"3";"724";"oldSuite 100-1";"5700.00";"0.00";"inclusive";"17.00";"sqft";;;;"0.00";"sqft";;;"0.00";"0.00";"0.00";;;"0.00";"4.0/1,000";;"0.00";;;"0";"Block: 0.00, Lot:,0.00";;;"0.00";"0"
"4";"724";"old Suite 100-2";"5700.00";"0.00";"inclusive";"17.00";"sqft";;;;"0.00";"sqft";;;"0.00";"0.00";"0.00";;;"0.00";"4.0/1,000";;"0.00";;;"0";"Block: 0.00, Lot:,0.00";;;"0.00";"0"
"6";"724";"Suite 100";"5700.00";"0.00";"inclusive";"17.00";"sqft";;;"electric";"0.00";"sqft";;;"0.00";"0.00";"0.00";;;"0.00";"4.0/1,000";;"0.00";;;"0";"Block: 0.00, Lot:,0.00";;;"0.00";"1"
"8";"0";"Retail";"1890.00";"0.00";"inclusive";"16.00";"sqft";;;"nnn";"0.00";"sqft";;;"1103.00";"1.00";"0.00";;;"0.00";;;"0.00";;;"0";"Block: 1103.00, Lot:,1.00";"Immediate";;"0.00";"0"
"10";"730";"DEFAULT UNIT";"20000-80000";"0.00";"sqft";"18.50";"sqft";;;;"0.00";"sqft";;;"0.00";"0.00";"0.00";;;"0.00";"4.5:1000";;"0.00";;;"0";"Block: 0.00, Lot:,0.00";"Immediate";;;"1"
"11";"731";"Suite 500";"2472.00";"0.00";"sqft";"22.00";"sqft";;;;"0.00";"sqft";;;"0.00";"0.00";"0.00";;"Medical";"0.00";;;"0.00";;;"0";"Block: 0.00, Lot:,0.00";"Immediate";;;"0"
"12";"731";"Suite 508";"1089.00";"0.00";"sqft";"22.00";"sqft";;;;"0.00";"sqft";;;"0.00";"0.00";"0.00";;;"0.00";;;"0.00";;;"0";"Block: 0.00, Lot:,0.00";;;;"0"
"13";"789";"DEFAULT UNIT";"32000.00";"4500000.00";"inclusive";"0.00";"sqft";;;;"0.00";"sqft";;;"0.00";"0.00";"0.00";;;"0.00";;;"0.00";;;"0";"Block: 0.00, Lot:,0.00";;;;"0"
"14";"789";"Unit 1";"2400.00";"0.00";"inclusive";"0.00";"sqft";;;"nnn";"7.00";"sqft";;;"0.00";"0.00";"0.00";;;"0.00";;;"0.00";;;"0";"Block: 0.00, Lot:,0.00";;;;"1"
"15";"789";"Unit 2";"1560.00";"4500000.00";"inclusive";"14.00";"sqft";;;"nnn";"7.00";"sqft";;;"0.00";"0.00";"0.00";;;"0.00";;;"0.00";;;"0";"Block: , Lot:,";;;NULL;"1"
"16";"800";"DEFAULT UNIT";"3300-6900";"0.00";"sqft";"18.00";"sqft";;;"nnn";"7.00";"sqft";;;"0.00";"0.00";"0.00";;;"0.00";;;"0.00";;;"0";"Block: 0.00, Lot:,0.00";;;;"1"
"17";"801";"DEFAULT UNIT";"3000";"0.00";"sqft";"12.00";"sqft";;;"nnn";"0.00";"sqft";;;"0.00";"0.00";"0.00";;;"0.00";;;"0.00";;;"0";"Block: 0.00, Lot:,0.00";;;;"1"
"19";"803";"DEFAULT UNIT";"600-25000";"0.00";"sqft";"12.00";"sqft";;;"nnn";"0.00";"sqft";;;"0.00";"0.00";"0.00";;;"0.00";"1,058 spaces";;"0.00";;;"0";"Block: 0.00, Lot:,0.00";;;;"1"
"20";"804";"DEFAULT UNIT";"2392.00";"0.00";"sqft";"18.00";"sqft";;;"nnn";"0.00";"sqft";;;"0.00";"0.00";"0.00";;;"0.00";;;"0.00";;;"2004";"Block: , Lot:,";;;NULL;"1"
"23";"805";"DEFAULT UNIT";"1000";"0.00";"sqft";"12.00";"sqft";;;"nnn";"0.00";"sqft";;;"4808.00";"2.00";"0.00";;;"0.00";;;"0.00";;;"0";"Block: 4808.00, Lot:,2.00";;;;"0"
"24";"0";"Retail";"1890.00";"0.00";"inclusive";"16.00";"sqft";;;"nnn";"0.00";"sqft";;;"1103.00";"1.00";"0.00";;;"0.00";;;"0.00";;;"0";"Block: 1103.00, Lot:,1.00";"Immediate";;"0.00";"0"
"25";"731";"Suite 562";"1630";"0.00";"sqft";"18.00";"sqft";;;;"0.00";"sqft";;;"0.00";"0.00";"0.00";;"Medical";"0.00";;;"0.00";;;"0";"Block: 0.00, Lot:,0.00";"Call for details";;;"1"
"28";"737";"DEFAULT UNIT";"4800.00";"495000.00";"inclusive";"0.00";"sqft";;;;"0.00";"sqft";;;"11705.00";"1.00";"0.00";;;"0.00";"20 spaces";;"0.00";;;"0";"Block: 11705, Lot:,1";;;NULL;"1"
"29";"0";"Retail";"1890.00";"0.00";"inclusive";"16.00";"sqft";;;"nnn";"0.00";"sqft";;;"1103.00";"1.00";"0.00";;;"0.00";;;"0.00";;;"0";"Block: 1103.00, Lot:,1.00";"Immediate";;"0.00";"0"
"30";"809";"DEFAULT UNIT";"49000.00";"2500000.00";"sqft";"0.00";"sqft";;;;"0.00";"sqft";;;"0.00";"0.00";"0.00";;;"0.00";;;"0.00";;;"0";"Block: 0.00, Lot:,0.00";"Immediate";;;"1"
"31";"810";"DEFAULT UNIT";"2400-7000";"0.00";"sqft";"0.00";"sqft";;;;"0.00";"sqft";;;"0.00";"0.00";"0.00";;;"0.00";;;"0.00";;;"0";"Block: 0.00, Lot:,0.00";;;;"1"
"32";"739";"DEFAULT UNIT";"5270.00";"550000.00";"inclusive";"0.00";"sqft";;;;"0.00";"sqft";;"24900";"388.01";"4 & 5";"0.00";"Law Firm";;"0.00";"30 +/- spaces";;"0.00";;;"0";"Block: 388.01, Lot:,4 & 5";;;;"1"
"34";"740";"DEFAULT UNIT";"5000.00";"1150000.00";"inclusive";"18.00";"sqft";;;"nnn";"0.00";"sqft";;;"161.00";"24.00";"0.00";;;"0.00";"5.5/1000 ";;"0.00";;;"0";"Block: 161.00, Lot:,24.00";"Immediate";;;"1"
"35";"742";"DEFAULT UNIT";"4045.00";"0.00";"sqft";"0.00";"sqft";;;"nnn";"0.00";"sqft";;;"52.00";"13.00";"0.00";;;"0.00";"17 spaces";;"0.00";;;"0";"Block: 52.00, Lot:,13.00";"Immediate";;;"1"
"36";"744";"DEFAULT UNIT";"10064.00";"250000.00";"inclusive";"0.00";"sqft";;;;"0.00";"sqft";;"15180";"25.00";"13.00";"0.00";;;"0.00";"15 spaces";;"0.00";;;"0";"Block: 25, Lot:,13";;;NULL;"1"
"37";"813";"DEFAULT UNIT";"77500.00";"1000000.00";"inclusive";"0.00";"sqft";;;;"0.00";"sqft";;"107712";"300.00";"13.00";"0.00";;;"0.00";"300 spaces";;"0.00";;;"0";"Block: 300, Lot:,13";;;NULL;"1"
"38";"814";"DEFAULT UNIT";"1838.00";"450000.00";"inclusive";"40000.00";"month";;;;"0.00";"sqft";;;"0.00";"0.00";"0.00";;;"0.00";;;"0.00";;;"0";"Block: , Lot:,";;;NULL;"1"
"41";"748";"DEFAULT UNIT";"1840.00";"225000.00";"inclusive";"2000.00";"sqft";;;"utilities";"0.00";"sqft";;"7439";"433.00";"7.00";"0.00";;;"0.00";"Ample";;"0.00";;;"0";"Block: 433.16, Lot:,7";"Immediate";;NULL;"1"
"42";"749";"DEFAULT UNIT";"2750.00";"250000.00";"inclusive";"0.00";"sqft";;;;"0.00";"sqft";;;"1107.00";"8.00";"0.00";;;"0.00";"10 +/- spaces";;"0.00";;;"0";"Block: 1107, Lot:,8";"Immediate";;NULL;"1"
"43";"841";"DEFAULT UNIT";"12290.00";"399000.00";"sqft";"4.00";"sqft";;;"nnn";"0.00";"sqft";;"14000";"21.00";"1.00";"0.00";;;"0.00";"30 +/- spaces";;"0.00";;;"0";"Block: 21, Lot:,1.14";;;NULL;"1"
"44";"840";"Building 1";"123000";"2000000.00";"inclusive";"0.00";"sqft";;;"nnn";"0.00";"sqft";;;"0.00";"0.00";;;;"0.00";;;"0.00";;;"0";"Block: 0.00, Lot:,0.00";;"(6) Tailgate";"12.00";"1"
"45";"840";"Building 2";"68000";"0.00";"call";"0.00";"sqft";;;"nnn";"0.00";"sqft";;;"0.00";"0.00";;;;"0.00";;;"0.00";;;"0";"Block: 0.00, Lot:,0.00";;"6 Tailgate/1 Drive-in";"24.00";"1"
"46";"750";"Suite 300";"2000-3000";"0.00";"inclusive";"18.00";"sqft";;;"utilities";"0.00";"sqft";;;"0.00";"0.00";"0.00";;;"0.00";"4/1,000";;"0.00";;;"0";"Block: 0.00, Lot:,0.00";"Immediate";;"0.00";"1"
"47";"751";"DEFAULT UNIT";"3000.00";"400000.00";"inclusive";"9.00";"sqft";;;"nnn";"0.00";"sqft";;;"20101.00";"16.00";"0.00";;;"0.00";"18 spaces";;"0.00";;;"0";"Block: 20101, Lot:,16";"Immediate";;"0.00";"1"
"48";"816";"DEFAULT UNIT";"3035.00";"240000.00";"inclusive";"0.00";"sqft";;;;"0.00";"sqft";;;"10.00";"1.00";"0.00";;;"0.00";"12 spaces";;"0.00";;;"0";"Block: 10, Lot:,1";;;"0.00";"1"
"49";"752";"DEFAULT UNIT";"2600-8000";"0.00";"inclusive";"13.00";"sqft";;;"electric";"0.00";"sqft";;;"0.00";"0.00";"0.00";;;"0.00";;;"0.00";;;"0";"Block: 0.00, Lot:,0.00";;;"0.00";"1"
"50";"819";"DEFAULT UNIT";"29000.00";"3675000.00";"inclusive";"0.00";"sqft";;;;"0.00";"sqft";;"67770";"0.00";"0.00";"0.00";;;"0.00";"525 spaces";;"0.00";;;"0";"Block: , Lot:,";"Immediate";;"0.00";"1"
"51";"753";"DEFAULT UNIT";"2100.00";"350000.00";"inclusive";"0.00";"sqft";;;;"0.00";"sqft";;;"115.00";"9.00";"0.00";;;"0.00";"5:1000";;"0.00";;;"0";"Block: 115.00, Lot:,9.00";"Immediate";;"0.00";"0"
"52";"754";"DEFAULT UNIT";"14000.00";"700000.00";"inclusive";"0.00";"sqft";;;;"0.00";"sqft";;"30546";"22.00";"8.00";"0.00";;;"0.00";"86 spaces";;"0.00";;;"0";"Block: 22, Lot:,8, 9, 13, 14, 15 & 3";;;"0.00";"1"
"53";"755";"DEFAULT UNIT";"5000.00";"550000.00";"inclusive";"15.00";"sqft";;;;"0.00";"sqft";;;"52.00";"1.00";"0.00";;;"0.00";;;"0.00";;;"0";"Block: 52.00, Lot:,1.00";"Immediate";;"0.00";"1"
"54";"820";"Store";"1100-1400";"0.00";"inclusive";"0.00";"sqft";;;"nnn";"0.00";"sqft";;;"0.00";"0.00";"0.00";;;"0.00";;;"0.00";;;"0";"Block: 0.00, Lot:,0.00";"Immediate";;"0.00";"1"
"55";"821";"DEFAULT UNIT";"2700.00";"299000.00";"inclusive";"0.00";"sqft";;;;"0.00";"sqft";;;"64.00";"1.00";"0.00";;;"0.00";"50 spaces";;"0.00";;;"0";"Block: 64, Lot:,1";"Immediate";;"0.00";"1"
"56";"756";"DEFAULT UNIT";"3750.00";"750000.00";"inclusive";"10.75";"sqft";;;;"0.00";"sqft";;;"97.00";"6.00";"7500.00";;;"0.00";"23 spaces";;"0.00";;;"0";"Block: 97.00, Lot:,6.00";;;"0.00";"1"
"57";"757";"Office";"1890";"0.00";"inclusive";"16.00";"sqft";;;"nnn";"0.00";"sqft";;;"1103.00";"1.00";;;;"0.00";;;"0.00";;;"0";"Block: 1103.00, Lot:,1.00";"Immediate";;"0.00";"1"
"58";"757";"Retail";"900";"0.00";"inclusive";"16.00";"sqft";;;"nnn";"0.00";"sqft";;;"1103.00";"1.00";;;;"0.00";;;"0.00";;;"0";"Block: 1103.00, Lot:,1.00";"Immediate";;;"1"
"60";"758";"Suite 4";"675.00";"0.00";"inclusive";"0.00";"sqft";;;;"0.00";"sqft";;;"0.00";"0.00";"0.00";;;"0.00";;;"0.00";;;"0";"Block: 0.00, Lot:,0.00";;;"0.00";"0"
"61";"758";"Suite 10";"2610.00";"0.00";"inclusive";"0.00";"sqft";;;;"0.00";"sqft";;;"0.00";"0.00";"0.00";;;"0.00";;;"0.00";;;"0";"Block: 0.00, Lot:,0.00";;;"0.00";"0"
"62";"823";"DEFAULT UNIT";"2500.00";"325000.00";"inclusive";"0.00";"sqft";;;;"0.00";"sqft";;"7525";"11.00";"3.00";"0.00";;;"0.00";"One (1) plus on street parking";;"0.00";;;"0";"Block: 11.07, Lot:,3.13";"Immediate";;"0.00";"1"
"63";"753";"Suite J";"2000.00";"350000.00";"inclusive";"0.00";"sqft";;;;"0.00";"sqft";;;"115.00";"9.00";"0.00";;;"0.00";"5:1000";;"0.00";;;"0";"Block: 115.00, Lot:,9.00";"Immediate";;"0.00";"1"
"64";"842";"DEFAULT UNIT";"10000.00";"270000.00";"inclusive";"4.00";"sqft";;;"nnn";"0.00";"sqft";;"7100";"0.00";"0.00";"0.00";;;"0.00";;;"0.00";;;"0";"Block: , Lot:,";;;"0.00";"1"
"65";"843";"DEFAULT UNIT";"31690.00";"995000.00";"inclusive";"4.00";"sqft";;;"nnn";"0.00";"sqft";;"33240";"800.00";"8.00";"0.00";;;"0.00";;;"0.00";;;"0";"Block: 800.00, Lot:,8.00";;"Three (3) tailgates; Three (3) drive-in doors";"0.00";"1"
"66";"760";"DEFAULT UNIT";"2200.00";"279000.00";"inclusive";"0.00";"sqft";;;;"0.00";"sqft";;"7000";"0.00";"0.00";"0.00";;;"0.00";"10 +/- plus 2 1/2 car garage";;"0.00";;;"0";"Block: , Lot:,";;;"0.00";"1"
"67";"844";"DEFAULT UNIT";"44280.00";"725000.00";"inclusive";"0.00";"sqft";;;;"0.00";"sqft";;;"125.00";"7.00";"0.00";;;"0.00";;;"0.00";;;"0";"Block: 125.00, Lot:,7.00";;;"0.00";"1"
"69";"762";"DEFAULT UNIT";"2385.00";"0.00";"inclusive";"19.00";"sqft";;;;"0.00";"sqft";;;"117.00";"1.00";"0.00";;;"0.00";"5:1000";;"0.00";;;"0";"Block: 117, Lot:,1";"Immediate";;"0.00";"1"
"70";"763";"DEFAULT UNIT";"3200.00";"0.00";"call";"18.00";"sqft";;;"utilities";"0.00";"sqft";;"16585";"101.00";"1.00";"0.00";;;"0.00";;;"0.00";;;"0";"Block: 101.00, Lot:,1.00";"Immediate";;"0.00";"1"
"71";"845";"DEFAULT UNIT";"22847.00";"0.00";"inclusive";"0.00";"sqft";;;;"0.00";"sqft";;"18000";"1204.00";"0.00";"0.00";;;"0.00";;;"0.00";;;"0";"Block: 1204.00, Lot:,0.00";"Immediate";;"0.00";"1"
"72";"824";"DEFAULT UNIT";"36500.00";"800000.00";"inclusive";"0.00";"sqft";;;;"0.00";"sqft";;"44000";"22.00";"4.00";"0.00";;;"0.00";;;"0.00";;;"0";"Block: 22, Lot:,4";"Immediate";;"0.00";"1"
"73";"846";"DEFAULT UNIT";"8000.00";"0.00";"inclusive";"0.00";"sqft";;;;"0.00";"sqft";;"7000";"18.00";"10.00";"0.00";;;"0.00";;;"0.00";;;"0";"Block: 18.00, Lot:,10.00";"Immediate";;"0.00";"1"
"74";"825";"DEFAULT UNIT";"1200.00";"0.00";"inclusive";"16.00";"sqft";;;;"0.00";"sqft";;;"0.00";"0.00";"0.00";;;"0.00";"65+ spaces ";;"0.00";"End Cap";;"0";"Block: , Lot:,";"Immediate";;"0.00";"1"
"75";"764";"Unit A";"1943.00";"495000.00";"inclusive";"14.00";"sqft";;;"condo";"1154.00";"month";;;"199.00";"4.00";"0.00";;"300 SF garage";"0.00";"23 spaces";;"0.00";;;"0";"Block: 199, Lot:,4";;;"0.00";"1"
"76";"765";"DEFAULT UNIT";"12512.00";"1750000.00";"inclusive";"0.00";"sqft";;;;"0.00";"sqft";;"33915";"3201.00";"1.00";"0.00";;;"0.00";"60 +/- cars";;"0.00";;;"0";"Block: 3201, Lot:,1";"Immediate";;"0.00";"1"
"77";"827";"DEFAULT UNIT";"3000.00";"600000.00";"inclusive";"0.00";"sqft";;;;"0.00";"sqft";;;"284.00";"4.00";"0.00";;;"0.00";"20+ spaces";;"0.00";;;"0";"Block: 284.02, Lot:,4";"Immediate";;"0.00";"1"
"78";"766";"DEFAULT UNIT";"1888.00";"120000.00";"inclusive";"0.00";"sqft";;;;"0.00";"sqft";;"4077";"230.00";"46.00";"0.00";;;"0.00";;;"0.00";;;"0";"Block: 230.00, Lot:,46.00";"Immediate";;;"1"
"79";"828";"DEFAULT UNIT";"5000.00";"385000.00";"inclusive";"0.00";"sqft";;;;"0.00";"sqft";;"11000";"143.00";"7.00";"0.00";;;"0.00";"40 spaces";;"0.00";;;"0";"Block: 143.01, Lot:,7";;;"0.00";"1"
"82";"767";"DEFAULT UNIT";"1517.00";"250000.00";"inclusive";"1500.00";"month";;;"utilities";"0.00";"sqft";;"5825";"470.00";"19.00";"0.00";;;"0.00";"19 +/- spaces";;"0.00";;;"0";"Block: 470.02, Lot:,19";;;"0.00";"1"
"83";"830";"DEFAULT UNIT";"7000.00";"0.00";"inclusive";"0.00";"sqft";;;;"0.00";"sqft";;;"5.00";"9.00";"0.00";;"Former Advance Space Auto";"0.00";"30 spaces";;"0.00";;;"0";"Block: 5.04, Lot:,9.01";"Immediate";;"0.00";"1"
"84";"831";"DEFAULT UNIT";"5600.00";"0.00";"inclusive";"0.00";"sqft";;;;"0.00";"sqft";;;"2304.00";"2.00";"0.00";;;"0.00";"175 spaces";;"0.00";;;"0";"Block: 2304, Lot:,2";;;"0.00";"1"
"85";"832";"DEFAULT UNIT";"2200.00";"0.00";"inclusive";"17.00";"sqft";;;;"0.00";"sqft";;;"78.00";"15.00";"0.00";;;"0.00";"25 spaces";;"0.00";;;"0";"Block: 78, Lot:,15.01";"Immediate";;"0.00";"1"
"86";"833";"DEFAULT UNIT";"6400.00";"0.00";"inclusive";"18.00";"sqft";;;"nnn";"0.00";"sqft";;;"137.00";"6.00";"0.00";;"Plus full basement";"0.00";"75 spaces";;"0.00";;;"0";"Block: 137, Lot:,6, 7 and 10";"Immediate";;"0.00";"1"
"87";"768";"DEFAULT UNIT";"3000";"895000.00";"inclusive";"0.00";"sqft";;;"nnn";"0.00";"sqft";;;"1503.00";"4.00";"0.00";;;"0.00";"6:1000";;"0.00";;;"0";"Block: 1503.00, Lot:,4.00";;;"0.00";"1"
"89";"770";"DEFAULT UNIT";"8000.00";"1400000.00";"inclusive";"16.00";"sqft";;;"nnn";"0.00";"sqft";;"24468";"163.00";"5.00";"0.00";;;"0.00";"58 +/- spaces";;"0.00";;;"0";"Block: 163.01, Lot:,5";;;"0.00";"1"
"90";"835";"DEFAULT UNIT";"4300.00";"0.00";"inclusive";"10.00";"sqft";;;"nnn";"0.00";"sqft";;;"6208.00";"6.00";"0.00";;;"0.00";"40 spaces";;"0.00";;;"0";"Block: 6208, Lot:,6";;;"0.00";"1"
"91";"771";"DEFAULT UNIT";"5300.00";"530000.00";"inclusive";"0.00";"sqft";;;"condo";"3.00";"sqft";;"17146";"42.00";"12.00";"0.00";;;"0.00";"5:1000";;"0.00";;;"0";"Block: 42.00, Lot:,12.00";"Immediate";;"0.00";"1"
"92";"772";"DEFAULT UNIT";"5500.00";"625000.00";"inclusive";"0.00";"sqft";;;;"0.00";"sqft";;;"83.00";"21.00";"0.00";;;"0.00";"6:1000";;"0.00";;;"0";"Block: 83.00, Lot:,21.00";"Immediate";;"0.00";"1"
"94";"773";"DEFAULT UNIT";"2425.00";"275000.00";"inclusive";"1200.00";"month";;;;"0.00";"sqft";;"7333.05";"130.00";"4.00";"0.00";;;"0.00";;;"0.00";;;"0";"Block: 130, Lot:,4.05";"Immediate";;"0.00";"1"
"95";"850";"DEFAULT UNIT";"26000.00";"0.00";"inclusive";"0.00";"sqft";;;;"0.00";"sqft";;;"5233.00";"25.00";"0.00";;;"0.00";;;"0.00";;;"0";"Block: 5233.00, Lot:,25.00";"Immediate";;"0.00";"1"
"96";"774";"DEFAULT UNIT";"8530.00";"800000.00";"inclusive";"10.00";"sqft";;;;"0.00";"sqft";;"26000";"48.00";"2.00";"0.00";;;"0.00";"18 spaces";;"0.00";;;"0";"Block: 48, Lot:,2";"Immediate";;"0.00";"1"
"97";"775";"DEFAULT UNIT";"1700";"495000.00";"inclusive";"0.00";"sqft";;;;"0.00";"sqft";;"14000";"11.00";"7.00";"0.00";;;"0.00";"20 +/- spaces";;"0.00";;;"0";"Block: 11.00, Lot:,7.00";"Immediate";;"0.00";"1"
"98";"794";"DEFAULT UNIT";"0.00";"1300000.00";"inclusive";"0.00";"sqft";;;;"0.00";"sqft";;"15000";"74.00";"12.00";"0.00";;;"0.00";;;"0.00";;;"0";"Block: 74, Lot:,12";;;"0.00";"1"
"99";"776";"Unit 110-111";"2000.00";"510000.00";"inclusive";"16.00";"sqft";;;"utilities";"0.00";"sqft";;"12100";"0.00";"0.00";"3000.00";;;"0.00";;;"0.00";;;"0";"Block: 0.00, Lot:,0.00";;;"0.00";"0"
"100";"776";"Unit 109";"1000.00";"510000.00";"inclusive";"16.00";"sqft";;;"utilities";"0.00";"sqft";;"12100";"0.00";"0.00";"3000.00";;;"0.00";;;"0.00";;;"0";"Block: 0.00, Lot:,0.00";;;"0.00";"0"
"101";"847";"DEFAULT UNIT";"5000-15000";"0.00";"inclusive";"0.00";"sqft";;;"nnn";"0.00";"sqft";;;"0.00";"0.00";"0.00";;;"0.00";;;"0.00";;;"0";"Block: 0.00, Lot:,0.00";;;"0.00";"1"
"102";"777";"DEFAULT UNIT";"5000-30000";"0.00";"inclusive";"15.00";"sqft";;;"nnn";"0.00";"sqft";;;"0.00";"0.00";"0.00";;;"0.00";"5:1000";;"0.00";;;"0";"Block: 0.00, Lot:,0.00";"Immediate";;"0.00";"1"
"103";"778";"DEFAULT UNIT";"1200.00";"270000.00";"inclusive";"0.00";"sqft";;;;"0.00";"sqft";;;"82.00";"2.00";"0.00";;;"0.00";"6:1000";;"0.00";;;"0";"Block: 82.100, Lot:,2";"Immediate";;"0.00";"1"
"104";"851";"DEFAULT UNIT";"1803.00";"1750000.00";"inclusive";"16.00";"sqft";;;"nnn";"0.00";"sqft";;;"0.00";"0.00";"0.00";;;"0.00";"6:1000";;"0.00";;;"0";"Block: , Lot:,";;;"0.00";"1"
"106";"781";"DEFAULT UNIT";"2100";"0.00";"inclusive";"0.00";"sqft";;;"nnn";"0.00";"sqft";;;"0.00";"0.00";"70140.00";;;"0.00";"5:1000";;"0.00";;;"0";"Block: 0.00, Lot:,0.00";"Immediate";;"0.00";"1"
"108";"783";"DEFAULT UNIT";"6000.00";"675000.00";"inclusive";"16.00";"sqft";;;"nnn";"0.00";"sqft";;;"116.00";"11.00";"0.00";;;"0.00";"6:1000";;"0.00";;;"0";"Block: 116.39, Lot:,11";"Immediate";;"0.00";"1"
"109";"784";"DEFAULT UNIT";"4000";"550000.00";"inclusive";"14.00";"sqft";;;"nnn";"0.00";"sqft";;;"0.00";"0.00";"0.00";;;"0.00";"5:1000";;"0.00";;;"0";"Block: 0.00, Lot:,0.00";;;"0.00";"1"
"110";"785";"Unit 109";"250.00";"0.00";"inclusive";"525.00";"month";;;;"0.00";"sqft";;;"0.00";"0.00";"0.00";;;"0.00";;;"0.00";;;"0";"Block: , Lot:,";;;"0.00";"1"
"111";"785";"Unit 2";"300.00";"0.00";"inclusive";"525.00";"month";;;;"0.00";"sqft";;;"0.00";"0.00";"0.00";;;"0.00";;;"0.00";;;"0";"Block: , Lot:,";;;"0.00";"1"
"112";"785";"Unit 101";"1000.00";"0.00";"inclusive";"0.00";"sqft";;;;"0.00";"sqft";;;"0.00";"0.00";"0.00";;;"0.00";;;"0.00";;;"0";"Block: 0.00, Lot:,0.00";;;"0.00";"0"
"115";"795";"DEFAULT UNIT";"0.00";"2500000.00";"inclusive";"0.00";"sqft";;;;"0.00";"sqft";;"33380";"2301.00";"1.00";"60";;;"0.00";;;"0.00";;;"0";"Block: 2301.00, Lot:,1.00";;;"0.00";"1"
"116";"787";"DEFAULT UNIT";;"3000000.00";"inclusive";"200000.00";"sqft";;;;"0.00";"sqft";;;"0.00";"0.00";"4.7";;;"0.00";;;"0.00";;;"0";"Block: 0.00, Lot:,0.00";;;"0.00";"1"
"119";"746";"DEFAULT UNIT";"6412";"700000.00";"inclusive";"0.00";"sqft";;;;"0.00";"sqft";;;"44.00";"2";;;;"0.00";;;"0.00";;;"0";"Block: 44.00, Lot:,2";;;;"1"
"120";"826";"Restaurant Bar";"11951";"0.00";"inclusive";"0.00";"sqft";;;;"0.00";"sqft";;;"55.00";"6.03, 7, 7";;;"Liquor license available.";"0.00";"150 spaces";;"0.00";;;"0";"Block: 55.00, Lot:,6.03, 7, 7";"Immediate";;;"1"
"121";"826";"Banquet Facility";"6173";"900000.00";"inclusive";"0.00";"sqft";;;;"0.00";"sqft";;;"55.00";"6.03, 7, 7";;;"Liquor license available.	";"0.00";"150 spaces";;"0.00";;;"0";"Block: 55.00, Lot:,6.03, 7, 7";"Immediate";;;"1"
"124";"811";"DEFAULT UNIT";;"495000.00";"inclusive";"4000.00";"month";;;;"0.00";"sqft";;"7866";"120.00";"8";;;;"0.00";;;"0.00";;;"0";"Block: 120, Lot:,8";;;;"1"
"125";"806";"Suite 1";"3800";"0.00";"inclusive";"18.00";"sqft";;;;"0.00";"sqft";;;"0.00";;;;;"0.00";;;"0.00";;;"0";"Block: 0.00, Lot:,";;;;"0"
"126";"806";"Suite 2";"1500-3100";"0.00";"inclusive";"18.00";"sqft";;;;"0.00";"sqft";;;"0.00";;;;;"0.00";;;"0.00";;;"0";"Block: 0.00, Lot:,";;;;"0"
"128";"861";"DEFAULT UNIT";"11000";"1550000.00";"inclusive";"0.00";"sqft";;;"nnn";"4.50";"sqft";;;"0.00";;;;;"0.00";"4.0";;"0.00";;;"0";"Block: 0.00, Lot:,";;;;"1"
"131";"941";"DEFAULT UNIT";;"2200000.00";"inclusive";"0.00";"sqft";;;;"0.00";"sqft";;;"85.00";"13";;;;"0.00";;;"0.00";;;"0";"Block: 85.00, Lot:,13";;;;"1"
"132";"732";;"6340";"925000.00";"inclusive";"0.00";"sqft";;;;"0.00";"sqft";;;"339.18";"31";;;;"0.00";;;"0.00";;;"0";"Block: 339.18, Lot:,31";;;;"1"
"133";"764";"Unit B";"1309";"0.00";"inclusive";"0.00";"sqft";;;;"0.00";"sqft";;;"0.00";;;;;"0.00";;;"0.00";;;"0";"Block: , Lot:,";;;;"1"
"134";"764";"Total";"3552";"0.00";"inclusive";"0.00";"sqft";;;;"0.00";"sqft";;;"0.00";;;;;"0.00";;;"0.00";;;"0";"Block: , Lot:,";;;;"1"
"135";"745";"Unit A";"15300";"1200000.00";"inclusive";"0.00";"sqft";;;;"0.00";"sqft";;;"0.00";;;;;"0.00";;;"0.00";;;"0";"Block: , Lot:,";;;;"1"
"136";"776";"Total";"3000";"0.00";"inclusive";"0.00";"sqft";;;;"0.00";"sqft";;;"0.00";;;;;"0.00";;;"0.00";;;"0";"Block: , Lot:,";;;;"0"
"137";"780";;"4400";"495000.00";"inclusive";"0.00";"sqft";;;;"0.00";"sqft";;;"0.00";;;;;"0.00";;;"0.00";;;"0";"Block: 0.00, Lot:,";;;;"1"
"138";"956";"Test Unit 20110901-01";"100";"1.00";"inclusive";"0.00";"sqft";;;;"0.00";"sqft";;;"0.00";;;;;"0.00";;;"0.00";;;"0";"Block: , Lot:,";;;;"1"
"139";"959";"100";"2050";"0.00";"inclusive";"18.00";"sqft";;;"electric";"0.00";"sqft";;;"0.00";;;;;"0.00";"4.0";;"0.00";;;"0";"Block: 0.00, Lot:,";;;;"1"
"140";"959";"102";"2300";"0.00";"inclusive";"18.00";"sqft";;;;"0.00";"sqft";;;"0.00";;;;;"0.00";;;"0.00";;;"0";"Block: 0.00, Lot:,";;;;"0"
"141";"959";"201";"1050";"0.00";"inclusive";"0.00";"sqft";;;;"0.00";"sqft";;;"0.00";;;;;"0.00";;;"0.00";;;"0";"Block: 0.00, Lot:,";;;;"1"
"142";"959";"400";"1200";"0.00";"inclusive";"0.00";"sqft";;;;"0.00";"sqft";;;"0.00";;;;;"0.00";;;"0.00";;;"0";"Block: 0.00, Lot:,";;;;"0"
"143";"959";"407";"2100";"0.00";"inclusive";"0.00";"sqft";;;;"0.00";"sqft";;;"0.00";;;;;"0.00";;;"0.00";;;"0";"Block: 0.00, Lot:,";;;;"0"
"144";"829";"Total";"11740";"1850000.00";"inclusive";"0.00";"sqft";;;;"0.00";"sqft";;;"0.00";;"1.74";;;"0.00";;;"0.00";;;"0";"Block: , Lot:,";;;;"1"
"145";"741";"Unit A";"2500";"325000.00";"inclusive";"0.00";"sqft";;;;"0.00";"sqft";;;"0.00";;;;;"0.00";;;"0.00";;;"0";"Block: , Lot:,";;;;"1"
"146";"960";"Test Unit 20110909-01";;"0.00";"inclusive";"0.00";"sqft";;;;"0.00";"sqft";;;"0.00";;;;;"0.00";;;"0.00";;;"0";"Block: , Lot:,";;;;"0"
"147";"961";"Test20110909-02";;"0.00";"inclusive";"0.00";"sqft";;;;"0.00";"sqft";;;"0.00";;;;;"0.00";;;"0.00";;;"0";"Block: , Lot:,";;;;"0"
"148";"962";;"6157";"0.00";"call";"25.00";"sqft";;;"nnn";"0.00";"sqft";;;"0.00";;;;;"0.00";"75 plus";;"0.00";;;"0";"Block: 0.00, Lot:,";;;;"1"
"149";"953";"Unit 1";"1200";"0.00";"inclusive";"13.50";"sqft";;;"nnn";"0.00";"sqft";;;"0.00";;;;;"0.00";;;"0.00";;;"0";"Block: , Lot:,";;;;"1"
"150";"953";"Unit 2";"1500";"0.00";"inclusive";"13.50";"sqft";NULL;NULL;;"0.00";"sqft";;;"0.00";;;;;"0.00";;NULL;"0.00";NULL;;"0";"Block: , Lot:,";;;;"1"
"151";"963";"Retail Strip Center";"15621";"0.00";"inclusive";"0.00";"sqft";NULL;NULL;;"0.00";"sqft";;;"0.00";;;;;"0.00";;NULL;"0.00";NULL;;"0";"Block: , Lot:,";;;;"1"
"152";"963";"Freestanding Building";"20992";"0.00";"inclusive";"0.00";"sqft";NULL;NULL;;"0.00";"sqft";;;"0.00";;;;;"0.00";;NULL;"0.00";NULL;;"0";"Block: , Lot:,";;;;"1"
"153";"964";"Office/Retail";"3750";"0.00";"call";"12.00";"sqft";NULL;NULL;"nnn";"0.00";"sqft";;;"100.00";"18";;;;"0.00";"60";NULL;"0.00";NULL;;"0";"Block: 100.00, Lot:,18";;;;"1"
"154";"967";;"3000";"600000.00";;"0.00";"sqft";NULL;NULL;;"0.00";"sqft";;;"0.00";;;"Sleep Center";;"46000.00";;NULL;"0.00";NULL;;"0";"Block: 0.00, Lot:,";;;;"1"
"155";"0";;;"450000.00";;"4.00";"sqft";NULL;NULL;"nnn";"0.00";"sqft";;"9500 +/- each property";"0.00";;;;;"0.00";;NULL;"0.00";NULL;;"0";"Block: , Lot:,";;"one drive in, 2 tailgate each building";;"1"
"156";"968";"402 Landing Road";"10000";"800000.00";;"0.00";"sqft";NULL;NULL;"nnn";"0.00";"sqft";;"9500 +/-";"2303.00";"2";;;;"0.00";;NULL;"0.00";NULL;;"0";"Block: 2303.00, Lot:,2";;;;"1"
"157";"968";"400 Landing Road";"10000";"800000.00";;"0.00";"sqft";NULL;NULL;"nnn";"0.00";"sqft";;"9500 +/-";"2303.00";"1";;;;"0.00";;NULL;"0.00";NULL;;"0";"Block: 2303.00, Lot:,1";;;;"1"
"158";"758";"Suite 3A";"1181";"0.00";"inclusive";"0.00";"sqft";NULL;NULL;;"0.00";"sqft";;;"0.00";;;;;"0.00";;NULL;"0.00";NULL;;"0";"Block: 0.00, Lot:,";;;;"1"
"159";"0";"7";"1248";"0.00";"inclusive";"0.00";"sqft";NULL;NULL;;"0.00";"sqft";;;"0.00";;;;;"0.00";;NULL;"0.00";NULL;;"0";"Block: , Lot:,";;;;"1"
"160";"0";"9";"1091";"0.00";"inclusive";"0.00";"sqft";NULL;NULL;;"0.00";"sqft";;;"0.00";;;;;"0.00";;NULL;"0.00";NULL;;"0";"Block: , Lot:,";;;;"1"
"161";"0";"7";"1248";"0.00";"inclusive";"0.00";"sqft";NULL;NULL;;"0.00";"sqft";;;"0.00";;;;;"0.00";;NULL;"0.00";NULL;;"0";"Block: , Lot:,";;;;"1"
"162";"0";"9";"1091";"0.00";"inclusive";"0.00";"sqft";NULL;NULL;;"0.00";"sqft";;;"0.00";;;;;"0.00";;NULL;"0.00";NULL;;"0";"Block: , Lot:,";;;;"1"
"163";"758";"Suite 7";"1248";"0.00";"inclusive";"0.00";"sqft";NULL;NULL;;"0.00";"sqft";;;"0.00";;;;;"0.00";;NULL;"0.00";NULL;;"0";"Block: , Lot:,";;;;"1"
"164";"758";"Suite 9";"1091";"0.00";"inclusive";"0.00";"sqft";NULL;NULL;;"0.00";"sqft";;;"0.00";;;;;"0.00";;NULL;"0.00";NULL;;"0";"Block: , Lot:,";;;;"1"
"165";"969";;"5000-10000";"0.00";"call";"0.00";"sqft";NULL;NULL;"nnn";"0.00";"sqft";;"16000";"0.00";;;;;"0.00";"Located behind building";NULL;"0.00";NULL;;"0";"Block: , Lot:,";"Immediately";;;"1"
"166";"970";;"1750-6500";"1600000.00";"inclusive";"10.00";"sqft";NULL;NULL;"nnn";"0.00";"sqft";;"38900";"0.00";;;;;"0.00";"80 Spaces";NULL;"0.00";NULL;;"0";"Block: 0.00, Lot:,";;;;"1"
"167";"849";"DEFAULT UNIT";"4320";"0.00";"call";"0.00";"sqft";NULL;NULL;;"0.00";"sqft";;;"0.00";;;;;"0.00";;NULL;"0.00";NULL;;"0";"Block: , Lot:,";;;;"1"
"168";"0";"default unit";"22500";"1.00";"inclusive";"0.00";"sqft";NULL;NULL;;"0.00";"sqft";;"17611";"1500.00";"4 and 4Q";"8.3";;;"0.00";;NULL;"0.00";NULL;;"0";"Block: 1500, Lot:,4 and 4Q";;;"12";"1"
"169";"971";;"22500";"750000.00";"inclusive";"0.00";"sqft";NULL;NULL;;"0.00";"sqft";;"17611";"1500.00";"4 and 4Q";"8.3";;;"0.00";;NULL;"0.00";NULL;;"0";"Block: 1500.00, Lot:,4 and 4Q";;;"12";"1"
"170";"972";"Unit A";"2100";"0.00";"inclusive";"17.00";"sqft";NULL;NULL;"janitorial";"0.00";"sqft";;;"0.00";;;;;"0.00";"100 +/-";NULL;"0.00";NULL;;"0";"Block: 0.00, Lot:,";;;;"0"
"171";"0";"Block 34, Lot 43";;"1.00";"inclusive";"0.00";"sqft";NULL;NULL;;"0.00";"sqft";;;"34.00";"43";"19.5";;;"0.00";;NULL;"0.00";NULL;;"0";"Block: 34, Lot:,43";;;;"1"
"172";"973";"Block 34.03, Lot 43";;"1500000.00";"inclusive";"0.00";"sqft";NULL;NULL;;"0.00";"sqft";;;"34.03";"43";"3.3";;;"0.00";;NULL;"0.00";NULL;;"0";"Block: 34.03, Lot:,43";;;;"1"
"173";"973";"Block 57, Lot 1";;"0.00";"inclusive";"0.00";"sqft";NULL;NULL;;"0.00";"sqft";;;"57.00";"1";"4.2";;;"0.00";;NULL;"0.00";NULL;;"0";"Block: 57, Lot:,1";;;;"1"
"174";"973";"Block 33.01, Lot 3";;"0.00";"inclusive";"0.00";"sqft";NULL;NULL;;"0.00";"sqft";;;"33.01";"3";"43";;;"0.00";;NULL;"0.00";NULL;;"0";"Block: 33.01, Lot:,3";;;;"1"
"175";"973";"Block 34, Lot 43";;"1500000.00";"inclusive";"0.00";"sqft";NULL;NULL;;"0.00";"sqft";;;"34.00";"43";"19.5";;;"0.00";;NULL;"0.00";NULL;;"0";"Block: 34, Lot:,43";;;;"1"
"176";"974";"default unit";"3000-21600";"1550000.00";"inclusive";"0.00";"sqft";NULL;NULL;"utilities";"0.00";"sqft";;;"0.00";;"2.76";;;"0.00";"65";NULL;"0.00";NULL;;"0";"Block: 0.00, Lot:,";;;;"1"
"177";"975";"default unit";"4537";"295000.00";"inclusive";"0.00";"sqft";NULL;NULL;;"0.00";"sqft";;;"3402.00";"2";;;;"0.00";"20";NULL;"0.00";NULL;;"0";"Block: 3402.00, Lot:,2";"Immediate";;;"1"
"178";"984";"default unit";"3000-7000";"0.00";"inclusive";"17.00";"sqft";NULL;NULL;"utilities";"0.00";"sqft";;;"0.00";;;;;"0.00";;NULL;"0.00";NULL;;"0";"Block: , Lot:,";"Immediate";;;"1"
"179";"801";"restaurant";"3000";"0.00";"inclusive";"12.00";"sqft";NULL;NULL;"nnn";"0.00";"sqft";;;"0.00";;;;;"0.00";;NULL;"0.00";NULL;;"0";"Block: 0.00, Lot:,";;;;"0"
"180";"987";"default unit";"27000";"0.00";"inclusive";"0.00";"sqft";NULL;NULL;;"0.00";"sqft";;;"0.00";;;;;"0.00";"103 spaces";NULL;"0.00";NULL;;"0";"Block: , Lot:,";;;;"1"
"181";"0";"retail";"2080";"0.00";"inclusive";"16.00";"sqft";NULL;NULL;"nnn";"0.00";"sqft";;;"0.00";;;;;"0.00";"103";NULL;"0.00";NULL;;"0";"Block: , Lot:,";;;;"1"
"182";"988";"Office";"300";"0.00";"inclusive";"16.00";"sqft";NULL;NULL;;"0.00";"sqft";;;"0.00";;;;;"0.00";"103";NULL;"0.00";NULL;;"0";"Block: 0.00, Lot:,";;;;"1"
"183";"988";"Retail";"2080";"0.00";"inclusive";"16.00";"sqft";NULL;NULL;"nnn";"0.00";"sqft";;;"0.00";;;;;"0.00";"103";NULL;"0.00";NULL;;"0";"Block: , Lot:,";;;;"1"
"184";"989";"default unit";"0";"995000.00";"inclusive";"0.00";"sqft";NULL;NULL;;"0.00";"sqft";;;"0.00";;"2.26";;;"119000.00";;NULL;"0.00";NULL;;"0";"Block: 0.00, Lot:,";;;;"1"
"185";"990";"default";"4624";"0.00";"inclusive";"17.00";"sqft";NULL;NULL;;"0.00";"sqft";;;"0.00";;;;;"0.00";"100";NULL;"0.00";NULL;;"0";"Block: , Lot:,";"Immediate";;;"1"
"186";"991";;;"450000.00";"inclusive";"0.00";"sqft";NULL;NULL;;"0.00";"sqft";;;"0.00";;".87";;;"0.00";;NULL;"0.00";NULL;;"0";"Block: 0.00, Lot:,";;;;"1"
"187";"0";"default unit";"1200";"120000.00";"inclusive";"0.00";"sqft";NULL;NULL;;"0.00";"sqft";"102.50";"5500.";"437.01";"18 C-102";;;;"0.00";;NULL;"0.00";NULL;;"0";"Block: 437.01, Lot:,18 C-102";;;;"1"
"188";"992";"default unit";"1200";"88500.00";"inclusive";"0.00";"sqft";NULL;NULL;;"0.00";"sqft";"102.50";"5500.00";"437.01";"18 C-102";;;;"0.00";;NULL;"0.00";NULL;;"0";"Block: 437.01, Lot:,18 C-102";;;;"1"
"189";"993";"default unit";"1250-3500";"575000.00";"inclusive";"2500.00";"sqft";NULL;NULL;;"0.00";"sqft";;"15800";"0.00";;;;;"0.00";"12";NULL;"0.00";NULL;;"0";"Block: 0.00, Lot:,";;;;"1"
"190";"994";"default unit";"2000";"0.00";"inclusive";"15.00";"sqft";NULL;NULL;"nnn";"0.00";"sqft";;;"20.01";"12";;;;"0.00";;NULL;"0.00";NULL;;"0";"Block: 20.01, Lot:,12";"Immediate";;;"1"
"191";"995";"default unit";"8800";"0.00";"inclusive";"0.00";"sqft";NULL;NULL;;"0.00";"sqft";;;"0.00";;;;;"0.00";;NULL;"0.00";NULL;;"0";"Block: 0.00, Lot:,";;;;"1"
"192";"996";"default unit";"2850";"249000.00";"inclusive";"0.00";"sqft";NULL;NULL;;"0.00";"sqft";;;"3812.00";"10";;;;"0.00";"15 +/-";NULL;"0.00";NULL;;"0";"Block: 3812.00, Lot:,10";;;;"1"
"193";"997";"default unit";"6000";"0.00";"inclusive";"12.00";"sqft";NULL;NULL;"nnn";"0.00";"sqft";;;"0.00";;;;;"0.00";;NULL;"0.00";NULL;;"0";"Block: 0.00, Lot:,";;;;"1"
"194";"998";"default unit";"4285";"275000.00";"inclusive";"0.00";"sqft";NULL;NULL;;"0.00";"sqft";;"11926.80";"0.00";;".38";;;"0.00";;NULL;"0.00";NULL;;"0";"Block: 0.00, Lot:,";;;"14";"1"
"195";"999";"default unit";"19000";"400000.00";"inclusive";"0.00";"sqft";NULL;NULL;;"0.00";"sqft";;;"0.00";;;;;"0.00";;NULL;"0.00";NULL;;"0";"Block: 0.00, Lot:,";;;;"1"
"196";"1000";"default unit";"5200-6600";"0.00";"inclusive";"15.00";"sqft";NULL;NULL;;"0.00";"sqft";;;"0.00";;;;;"0.00";;NULL;"0.00";NULL;;"0";"Block: 0.00, Lot:,";"Immediate";;;"1"
"197";"1001";"default unit";"3000";"750000.00";"inclusive";"65.00";"sqft";NULL;NULL;"nnn";"0.00";"sqft";;;"0.00";;".75";;;"0.00";;NULL;"0.00";NULL;;"0";"Block: 0.00, Lot:,";;;;"1"
"198";"1002";"Office";"1890";"0.00";"inclusive";"16.00";"sqft";NULL;NULL;"nnn";"0.00";"sqft";;;"1103.03";"1";;;;"0.00";;NULL;"0.00";NULL;;"0";"Block: 1103.03, Lot:,1";"Immediate";;;"1"
"199";"1002";"Retail";"900";"0.00";"inclusive";"0.00";"sqft";NULL;NULL;"nnn";"0.00";"sqft";;;"1103.03";"1";;;;"0.00";;NULL;"0.00";NULL;;"0";"Block: 1103.03, Lot:,1";"Immediate";;;"1"
"200";"1016";"retail";"1320-2640";"0.00";"inclusive";"12.00";"sqft";NULL;NULL;;"0.00";"sqft";;;"0.00";;;;;"0.00";"80";NULL;"0.00";NULL;;"0";"Block: 0.00, Lot:,";"Immediate";;;"1"
"201";"805";"Unit 1";"1000";"0.00";"inclusive";"12.00";"sqft";NULL;NULL;"nnn";"0.00";"sqft";;;"0.00";;;;;"0.00";;NULL;"0.00";NULL;;"0";"Block: 0.00, Lot:,";"Immediate";;;"0"
"202";"805";"Unit 2";"3000";"0.00";"inclusive";"12.00";"sqft";NULL;NULL;"nnn";"0.00";"sqft";;;"0.00";;;;;"0.00";;NULL;"0.00";NULL;;"0";"Block: , Lot:,";"Immediate";;;"1"
"203";"1017";"default unit";"3303";"0.00";"inclusive";"17.00";"sqft";NULL;NULL;"utilities";"0.00";"sqft";;;"0.00";;;;;"0.00";;NULL;"0.00";NULL;;"0";"Block: 0.00, Lot:,";"Immediate";;;"0"
"204";"1017";"Suite 1";"1000";"0.00";"inclusive";"17.00";"sqft";NULL;NULL;"utilities";"0.00";"sqft";;;"0.00";;;;;"0.00";;NULL;"0.00";NULL;;"0";"Block: , Lot:,";"Immediate";;;"1"
"205";"1017";;"2000";"0.00";"inclusive";"17.00";"sqft";NULL;NULL;"utilities";"0.00";"sqft";;;"0.00";;;;;"0.00";;NULL;"0.00";NULL;;"0";"Block: 0.00, Lot:,";"Immediate";;;"0"
"206";"1017";"Suite 2";"2000";"0.00";"inclusive";"17.00";"sqft";NULL;NULL;"utilities";"0.00";"sqft";;;"0.00";;;;;"0.00";;NULL;"0.00";NULL;;"0";"Block: , Lot:,";"Immediate";;;"1"
"207";"0";"default unit";"2500";"250000.00";"inclusive";"0.00";"sqft";NULL;NULL;;"0.00";"sqft";;"7700";"34.00";"20";;;;"0.00";;NULL;"0.00";NULL;;"0";"Block: 34, Lot:,20";"ASAP";;;"1"
"208";"1018";"default unit";"2500";"175000.00";"inclusive";"0.00";"sqft";NULL;NULL;;"0.00";"sqft";;"7700";"34.00";"20";;;;"0.00";;NULL;"0.00";NULL;;"0";"Block: 34.00, Lot:,20";"ASAP";;;"1"
"209";"1019";"default unit";"5000-10472";"649000.00";"inclusive";"14.25";"sqft";NULL;NULL;;"0.00";"sqft";;"25000";"0.00";;;;;"0.00";;NULL;"0.00";NULL;;"0";"Block: , Lot:,";;;;"1"
"210";"1020";"Office";"1600";"325000.00";"inclusive";"3500.00";"month";NULL;NULL;;"0.00";"sqft";;"13555";"0.00";;".59";;;"0.00";"25 +/-";NULL;"0.00";NULL;;"0";"Block: , Lot:,";"Immediate";;;"1"
"211";"1020";"Shop";"1350";"325000.00";"inclusive";"3500.00";"month";NULL;NULL;;"0.00";"sqft";;"13555";"0.00";;".59";;;"0.00";"25 +/-";NULL;"0.00";NULL;;"0";"Block: , Lot:,";"Immediate";;;"1"
"212";"1021";"default unit";"2003";"0.00";"inclusive";"16.00";"sqft";NULL;NULL;"nnn";"0.00";"sqft";;;"0.00";;;;;"0.00";;NULL;"0.00";NULL;;"0";"Block: 0.00, Lot:,";"Immediate";;;"1"
"213";"1022";"Office";"2500";"0.00";"inclusive";"5.50";"sqft";NULL;NULL;"nnn";"0.00";"sqft";;;"0.00";;"1.1";;;"0.00";;NULL;"0.00";NULL;;"0";"Block: 0.00, Lot:,";;;"16";"1"
"214";"1022";"Warehouse";"10000";"0.00";"inclusive";"5.50";"sqft";NULL;NULL;"nnn";"0.00";"sqft";;;"0.00";;"1.1";;;"0.00";;NULL;"0.00";NULL;;"0";"Block: 0.00, Lot:,";;;"16";"1"
"215";"1023";"End-Cap Unit";"1600-6000";"0.00";"inclusive";"16.00";"sqft";NULL;NULL;"nnn";"0.00";"sqft";;;"0.00";;;;;"0.00";"Ample";NULL;"0.00";NULL;;"0";"Block: 0.00, Lot:,";"Immediate";;;"1"
"216";"1024";"default unit";"4000-8000";"0.00";"inclusive";"16.00";"sqft";NULL;NULL;"nnn";"0.00";"sqft";;;"0.00";;;;;"0.00";"Ample";NULL;"0.00";NULL;;"0";"Block: 0.00, Lot:,";"Immediate";;;"1"
"217";"1025";"End Cap";"2700";"0.00";"inclusive";"16.00";"sqft";NULL;NULL;"nnn";"0.00";"sqft";;;"0.00";;;;;"0.00";"Ample";NULL;"0.00";NULL;;"0";"Block: , Lot:,";;;;"1"
"218";"1026";"default unit";"32070";"1500000.00";"inclusive";"7.00";"sqft";NULL;NULL;"nnn";"0.00";"sqft";;"38000";"0.00";;"2.49";;;"0.00";;NULL;"0.00";NULL;;"0";"Block: 0.00, Lot:,";;"3 Tailgate";"16";"1"
"219";"1027";"default";"1600-3200";"1500000.00";"inclusive";"16.00";"sqft";NULL;NULL;"nnn";"0.00";"sqft";;;"0.00";;;;;"0.00";"Ample";NULL;"0.00";NULL;;"0";"Block: 0.00, Lot:,";"Immediate";;;"1"
"220";"1028";"default unit";"2800-4200";"250000.00";"inclusive";"0.00";"sqft";NULL;NULL;;"0.00";"sqft";;;"0.00";;;;;"0.00";"6:1000";NULL;"0.00";NULL;;"0";"Block: 0.00, Lot:,";"August 2012";;;"1"
"221";"1029";"default unit";"2400";"0.00";"inclusive";"18.00";"sqft";NULL;NULL;"nnn";"0.00";"sqft";;;"0.00";;;;;"0.00";"6:1000";NULL;"0.00";NULL;;"0";"Block: , Lot:,";"Immediate";;;"1"
"222";"1030";"default unit";"5000-15000";"0.00";"inclusive";"0.00";"sqft";NULL;NULL;"utilities";"0.00";"sqft";;;"0.00";;;;;"0.00";;NULL;"0.00";NULL;;"0";"Block: 0.00, Lot:,";;;;"1"
"223";"1031";"default unit";"3727";"0.00";"inclusive";"13.00";"sqft";NULL;NULL;"utilities";"0.00";"sqft";;;"0.00";;;;;"0.00";"Ample";NULL;"0.00";NULL;;"0";"Block: 0.00, Lot:,";"August 2012";;;"1"
"224";"1032";"default unit";"12000";"0.00";"inclusive";"12.00";"sqft";NULL;NULL;;"0.00";"sqft";;;"0.00";;;;;"0.00";"On site";NULL;"0.00";NULL;;"0";"Block: , Lot:,";"Immediate";;;"1"
"225";"1033";"Suites A and B";"4000";"299000.00";"inclusive";"10.00";"sqft";NULL;NULL;"utilities";"0.00";"sqft";;"10500";"465.01";"3 Q-1001 t";;;;"0.00";;NULL;"0.00";NULL;;"0";"Block: 465.01, Lot:,3 Q-1001 t";;;;"1"
"226";"1034";"I & H";"2000-4000";"0.00";"call";"12.00";"sqft";NULL;NULL;"utilities";"0.00";"sqft";;"10900";"0.00";;;;;"0.00";;NULL;"0.00";NULL;;"0";"Block: , Lot:,";;;;"1"
"227";"1035";"retail";"800";"0.00";"inclusive";"12.00";"sqft";NULL;NULL;"nnn";"0.00";"sqft";;;"0.00";;;;;"0.00";;NULL;"0.00";NULL;;"0";"Block: , Lot:,";;;;"1"
"228";"1036";"retail unit";"6400";"0.00";"inclusive";"0.00";"sqft";NULL;NULL;;"0.00";"sqft";;;"0.00";;;;;"0.00";"On site";NULL;"0.00";NULL;;"0";"Block: , Lot:,";"Immediate";;;"1"
"229";"1037";"retail unit";"1080";"0.00";"inclusive";"15.00";"sqft";NULL;NULL;"nnn";"0.00";"sqft";;;"0.00";;;;;"0.00";;NULL;"0.00";NULL;;"0";"Block: , Lot:,";;;;"1"
"230";"1038";"retail unit";"1267";"0.00";"inclusive";"13.00";"sqft";NULL;NULL;"nnn";"0.00";"sqft";;;"0.00";;;;;"0.00";"60+";NULL;"0.00";NULL;;"0";"Block: 0.00, Lot:,";;;;"1"
"231";"959";"203";"1450";"0.00";"inclusive";"18.00";"sqft";NULL;NULL;"electric";"0.00";"sqft";;;"0.00";;;;;"0.00";;NULL;"0.00";NULL;;"0";"Block: 0.00, Lot:,";;;;"0"
"232";"820";"Free Standing";"1900";"0.00";;"50000.00";"year";NULL;NULL;"nnn";"0.00";"sqft";;;"0.00";;;;;"0.00";;NULL;"0.00";NULL;;"0";"Block: 0.00, Lot:,";;;;"1"
"233";"1039";;"32000";"4500000.00";"inclusive";"0.00";"sqft";NULL;NULL;;"0.00";"sqft";;;"0.00";;;;;"0.00";;NULL;"0.00";NULL;;"0";"Block: 0.00, Lot:,";;;;"1"
"234";"1040";;"10000";"0.00";"inclusive";"0.00";"sqft";NULL;NULL;;"0.00";"sqft";;;"0.00";;".5";;;"0.00";"On site";NULL;"0.00";NULL;;"0";"Block: , Lot:,";"Immediately";;;"1"
"235";"1041";;"10000";"0.00";"inclusive";"0.00";"sqft";NULL;NULL;;"0.00";"sqft";;;"0.00";;".5";;;"0.00";"On Site";NULL;"0.00";NULL;;"0";"Block: , Lot:,";"Immediately";;;"1"
"236";"1042";;"8740";"580000.00";"inclusive";"0.00";"sqft";NULL;NULL;;"0.00";"sqft";;"20316.57";"0.00";;".83";;;"0.00";"26 spaces";NULL;"0.00";NULL;;"0";"Block: 0.00, Lot:,";;;;"1"
"237";"1051";;"8600";"0.00";"inclusive";"0.00";"sqft";NULL;NULL;"nnn";"0.00";"sqft";;;"0.00";;;;;"0.00";;NULL;"0.00";NULL;;"0";"Block: , Lot:,";;;;"1"
"238";"1052";;"21066";"0.00";"inclusive";"7.00";"sqft";NULL;NULL;"nnn";"0.00";"sqft";;;"0.00";;" ";;;"0.00";"50";NULL;"0.00";NULL;;"0";"Block: 0.00, Lot:,";;"1 drive-in, 1 tailgate";"17";"1"
"239";"1053";;"1010-1400";"0.00";"inclusive";"0.00";"sqft";NULL;NULL;;"0.00";"sqft";;;"0.00";;;;;"0.00";"On Site";NULL;"0.00";NULL;;"0";"Block: , Lot:,";"Immediately";;;"1"
"240";"1054";;;"1100000.00";"inclusive";"0.00";"sqft";NULL;NULL;;"0.00";"sqft";;;"0.00";;"14.65+/-";;;"0.00";;NULL;"0.00";NULL;;"0";"Block: 0.00, Lot:,";"Immediate";;;"1"
"241";"1055";;"2000";"315000.00";"inclusive";"0.00";"sqft";NULL;NULL;;"0.00";"sqft";;"9524";"22.13";"3";;;;"0.00";;NULL;"0.00";NULL;;"0";"Block: 22.13, Lot:,3";"Immediate";;;"1"
"242";"1056";;"4500";"600000.00";"inclusive";"0.00";"sqft";NULL;NULL;;"0.00";"sqft";;"14400";"0.00";;;;;"0.00";;NULL;"0.00";NULL;;"0";"Block: , Lot:,";;;;"1"
"243";"1057";"7.5 acres";;"2750000.00";"inclusive";"0.00";"sqft";NULL;NULL;;"0.00";"sqft";;;"71.01";"2";"7.5";;;"0.00";;NULL;"0.00";NULL;;"0";"Block: 71.01, Lot:,2";;;;"0"
"244";"1057";"2.0 acres";;"1200000.00";"inclusive";"0.00";"sqft";NULL;NULL;;"0.00";"sqft";;;"71.01";"2";"2";;;"0.00";;NULL;"0.00";NULL;;"0";"Block: 71.01, Lot:,2";;;;"0"
"245";"1057";"7.5 acre parcel";;"3950000.00";"inclusive";"0.00";"sqft";NULL;NULL;;"0.00";"sqft";;;"71.01";"2";"7.5";;;"0.00";;NULL;"0.00";NULL;;"0";"Block: 71.01, Lot:,2";;;;"1"
"246";"1057";"2.0 acre parcel";;"1200000.00";"inclusive";"0.00";"sqft";NULL;NULL;;"0.00";"sqft";;;"71.01";"2";;;;"0.00";;NULL;"0.00";NULL;;"0";"Block: 71.01, Lot:,2";;;;"1"
"247";"1058";;"21379";"2500000.00";"inclusive";"0.00";"sqft";NULL;NULL;;"0.00";"sqft";;;"0.00";;;;;"0.00";"60+";NULL;"0.00";NULL;;"0";"Block: 0.00, Lot:,";;;;"1"
"248";"1059";;"3000";"550000.00";"inclusive";"0.00";"sqft";NULL;NULL;;"0.00";"sqft";;"15270";"0.00";;;;;"0.00";"6";NULL;"0.00";NULL;;"0";"Block: 0.00, Lot:,";;;;"1"
"249";"1060";;;"0.00";"inclusive";"65000.00";"year";NULL;NULL;"nnn";"0.00";"sqft";;;"0.00";;".45";;;"0.00";;NULL;"0.00";NULL;;"0";"Block: , Lot:,";"Immediately";;;"1"
"250";"1061";;"23000";"1200000.00";"inclusive";"0.00";"sqft";NULL;NULL;;"0.00";"sqft";;"52000";"2002.00";"29";"2";;;"0.00";;NULL;"0.00";NULL;;"0";"Block: 2002.00, Lot:,29";;;;"1"
"251";"1062";;"23000";"1200000.00";"inclusive";"0.00";"sqft";NULL;NULL;;"0.00";"sqft";;"52000";"2002.00";"29";;;;"0.00";;NULL;"0.00";NULL;;"0";"Block: 2002, Lot:,29";;;;"1"
"252";"1063";;"4600";"430000.00";"inclusive";"0.00";"sqft";NULL;NULL;;"0.00";"sqft";"654";"15322";"0.00";;;;;"0.00";;NULL;"0.00";NULL;;"0";"Block: 0.00, Lot:,";;;;"1"
"253";"1064";;"3150";"315000.00";"inclusive";"0.00";"sqft";NULL;NULL;;"0.00";"sqft";;"18200";"0.00";;;;;"0.00";"On Site";NULL;"0.00";NULL;;"0";"Block: 0.00, Lot:,";"Immediate";;;"1"
"254";"1065";;"1100";"129900.00";"inclusive";"0.00";"sqft";NULL;NULL;;"0.00";"sqft";;;"3401.00";"39-C004";;;;"0.00";"5:1000";NULL;"0.00";NULL;;"0";"Block: 3401.00, Lot:,39-C004";;;;"1"
"255";"1066";;"1100";"129900.00";"inclusive";"0.00";"sqft";NULL;NULL;;"0.00";"sqft";;;"3401.00";"39-C004";;;;"0.00";"5:1000";NULL;"0.00";NULL;;"0";"Block: 3401.00, Lot:,39-C004";;;;"1"
"256";"1067";"default";"1000-3000";"0.00";"inclusive";"0.00";"sqft";NULL;NULL;;"0.00";"sqft";;;"4.01";"27.02";;;;"0.00";;NULL;"0.00";NULL;;"0";"Block: 4.01, Lot:,27.02";"Immediate";;;"1"
"257";"1068";"default";"3000-9120";"1200000.00";"inclusive";"16.00";"sqft";NULL;NULL;"utilities";"0.00";"sqft";;"20400.12";"6.04";"3.01";;;;"0.00";;NULL;"0.00";NULL;;"0";"Block: 6.04, Lot:,3.01";;;;"1"
"258";"1069";;"10";"100.00";"inclusive";"0.00";"sqft";NULL;NULL;;"0.00";"sqft";;;"0.00";;;;;"0.00";;NULL;"0.00";NULL;;"0";"Block: , Lot:,";;;;"1"
"259";"1069";;"120";"100.00";"inclusive";"0.00";"sqft";NULL;NULL;;"0.00";"sqft";;;"0.00";;;;;"0.00";;NULL;"0.00";NULL;;"0";"Block: , Lot:,";;;;"1"
"260";"1069";;"240";"200.00";"inclusive";"0.00";"sqft";NULL;NULL;;"0.00";"sqft";;;"0.00";;;;;"0.00";;NULL;"0.00";NULL;;"0";"Block: , Lot:,";;;;"1"
"261";"1069";"DEFAULT_UNIT";"360";"300.00";"inclusive";"0.00";"sqft";NULL;NULL;;"0.00";"sqft";;;"0.00";;;;;"0.00";;NULL;"0.00";NULL;;"0";"Block: , Lot:,";;;;"1"
"262";"1070";"DEFAULT_UNIT";"3400";"250000.00";"inclusive";"0.00";"sqft";NULL;NULL;;"0.00";"sqft";;"8900";"84.00";"8";;;;"0.00";;NULL;"0.00";NULL;;"0";"Block: 84.00, Lot:,8";;;;"1"
"263";"1071";"DEFAULT_UNIT";"4700";"339000.00";"inclusive";"0.00";"sqft";NULL;NULL;;"0.00";"sqft";;"12460";"0.00";;;;;"0.00";"30 Spaces";NULL;"0.00";NULL;;"0";"Block: , Lot:,";"Immediate";;;"1"
"264";"1072";"DEFAULT_UNIT";"1000";"200000.00";"inclusive";"0.00";"sqft";NULL;NULL;;"0.00";"sqft";;"8000";"4.05";"7";;;;"0.00";;NULL;"0.00";NULL;;"0";"Block: 4.05, Lot:,7";;;;"1"
"265";"1073";"DEFAULT_UNIT";"1000";"200000.00";"inclusive";"0.00";"sqft";NULL;NULL;;"0.00";"sqft";;"8000";"4.05";"7";;;;"0.00";;NULL;"0.00";NULL;;"0";"Block: 4.05, Lot:,7";;;;"1"
"266";"1074";"DEFAULT_UNIT";"10000-30000";"3500000.00";"inclusive";"9.00";"sqft";NULL;NULL;"nnn";"0.00";"sqft";;"62500";"128.01";"13";;;;"0.00";"120+/- Spaces";NULL;"0.00";NULL;;"0";"Block: 128.01, Lot:,13";;;;"1"
"267";"1075";"DEFAULT_UNIT";"5400";"890000.00";"inclusive";"0.00";"sqft";NULL;NULL;;"0.00";"sqft";;;"468.03";"7";;;;"0.00";"27 Spaces";NULL;"0.00";NULL;;"0";"Block: 468.03, Lot:,7";"July 2013";;;"1"
"268";"1076";"DEFAULT_UNIT";;"1495000.00";"inclusive";"150000.00";"sqft";NULL;NULL;"nnn";"0.00";"sqft";;;"41.00";"1-2.01";"3";;;"0.00";;NULL;"0.00";NULL;;"0";"Block: 41.00, Lot:,1-2.01";;;;"1"
"269";"1077";"DEFAULT_UNIT";"10660";"800000.00";"inclusive";"0.00";"sqft";NULL;NULL;;"0.00";"sqft";;;"1.10";"2 C1002";;;;"0.00";;NULL;"0.00";NULL;;"0";"Block: 1.10, Lot:,2 C1002";"Immediate";;;"1"
"270";"1078";"DEFAULT_UNIT";"12000";"1600000.00";"inclusive";"0.00";"sqft";NULL;NULL;;"0.00";"sqft";;;"40.00";"6 and 7";;;;"0.00";"50 spaces";NULL;"0.00";NULL;;"0";"Block: 40.00, Lot:,6 and 7";"February 2013";;;"1"
"271";"1079";"DEFAULT_UNIT";"22160";"1250000.00";"inclusive";"14.00";"sqft";NULL;NULL;"utilities";"0.00";"sqft";;;"0.00";;"2.4";;;"0.00";;NULL;"0.00";NULL;;"0";"Block: , Lot:,";"Immediate";;;"1"
"272";"1080";"DEFAULT_UNIT";"5600";"0.00";"inclusive";"150000.00";"year";NULL;NULL;"nnn";"0.00";"sqft";;;"0.00";;"1";;;"0.00";;NULL;"0.00";NULL;;"0";"Block: , Lot:,";"June 2013";;;"1"
"273";"1089";"DEFAULT_UNIT";"11500";"1400000.00";"inclusive";"0.00";"sqft";NULL;NULL;;"0.00";"sqft";;;"0.00";;"3.28";;;"0.00";"40+/- paved, 70+/- unpaved";NULL;"0.00";NULL;;"0";"Block: 0.00, Lot:,";;;;"1"
"274";"972";"Unit B";"800";"0.00";"inclusive";"17.00";"sqft";NULL;NULL;"janitorial";"0.00";"sqft";;;"0.00";;;;;"0.00";;NULL;"0.00";NULL;;"0";"Block: 0.00, Lot:,";;;;"0"
"275";"972";"DEFAULT_UNIT";"1200";"0.00";"inclusive";"17.00";"sqft";NULL;NULL;"janitorial";"0.00";"sqft";;;"0.00";;;;;"0.00";"100 +/- spaces";NULL;"0.00";NULL;;"0";"Block: 0.00, Lot:,";;;;"0"
"276";"972";"DEFAULT_UNIT";;"0.00";"inclusive";"17.00";"sqft";NULL;NULL;"janitorial";"0.00";"sqft";;;"0.00";;"800";;;"0.00";;NULL;"0.00";NULL;;"0";"Block: 0.00, Lot:,";;;;"0"
"277";"972";"DEFAULT_UNIT";"800";"0.00";"inclusive";"17.00";"sqft";NULL;NULL;"janitorial";"0.00";"sqft";;;"0.00";;;;;"0.00";;NULL;"0.00";NULL;;"0";"Block: 0.00, Lot:,";;;;"0"
"278";"972";"DEFAULT_UNIT";"1200";"0.00";"inclusive";"17.00";"sqft";NULL;NULL;"janitorial";"0.00";"sqft";;;"0.00";;;;;"0.00";"100 +/- spaces";NULL;"0.00";NULL;;"0";"Block: 0.00, Lot:,";;;;"0"
"279";"972";"DEFAULT_UNIT";"800";"0.00";"inclusive";"17.00";"sqft";NULL;NULL;"janitorial";"0.00";"sqft";;;"0.00";;;;;"0.00";;NULL;"0.00";NULL;;"0";"Block: 0.00, Lot:,";;;;"0"
"280";"1090";"DEFAULT_UNIT";"4100";"295000.00";"inclusive";"0.00";"sqft";NULL;NULL;;"0.00";"sqft";;"7425.60";"0.00";;;;;"0.00";;NULL;"0.00";NULL;;"0";"Block: , Lot:,";"Immediate";;;"1"
"281";"1091";"DEFAULT_UNIT";"1200-2650";"0.00";"inclusive";"18.00";"sqft";NULL;NULL;"nnn";"0.00";"sqft";;;"0.00";;;;;"0.00";;NULL;"0.00";NULL;;"0";"Block: , Lot:,";"Immediately";;;"1"
"282";"1092";"DEFAULT_UNIT";"5100";"0.00";"inclusive";"16.00";"sqft";NULL;NULL;;"0.00";"sqft";;;"0.00";;;;;"0.00";"Over 100 spaces";NULL;"0.00";NULL;;"0";"Block: 0.00, Lot:,";;;;"0"
"283";"1092";"DEFAULT_UNIT";"1000";"0.00";"inclusive";"16.00";"sqft";NULL;NULL;;"0.00";"sqft";;;"0.00";;;;;"0.00";;NULL;"0.00";NULL;;"0";"Block: 0.00, Lot:,";;;;"0"
"285";"1092";"1st Floor";"5100";"0.00";"inclusive";"16.00";"sqft";NULL;NULL;;"0.00";"sqft";;;"0.00";;;;;"0.00";;NULL;"0.00";NULL;;"0";"Block: , Lot:,";;;;"1"
"286";"1092";"2nd Floor";"1000";"0.00";"inclusive";"16.00";"sqft";NULL;NULL;;"0.00";"sqft";;;"0.00";;;;;"0.00";;NULL;"0.00";NULL;;"0";"Block: , Lot:,";;;;"1"
"287";"806";"Unit 6";"1520";"0.00";"inclusive";"18.00";"sqft";NULL;NULL;"nnn";"0.00";"sqft";;;"0.00";;;;;"0.00";;NULL;"0.00";NULL;;"0";"Block: , Lot:,";;;;"1"
"288";"806";"Unit 7/8";"3040";"0.00";"inclusive";"18.00";"sqft";NULL;NULL;"nnn";"0.00";"sqft";;;"0.00";;;;;"0.00";;NULL;"0.00";NULL;;"0";"Block: , Lot:,";;;;"1"
"289";"806";"Unit 16";"1265";"0.00";"inclusive";"18.00";"sqft";NULL;NULL;"nnn";"0.00";"sqft";;;"0.00";;;;;"0.00";;NULL;"0.00";NULL;;"0";"Block: , Lot:,";;;;"1"
"290";"806";"2nd Floor Office";"4042";"0.00";"inclusive";"18.00";"sqft";NULL;NULL;;"0.00";"sqft";;;"0.00";;;;;"0.00";;NULL;"0.00";NULL;;"0";"Block: , Lot:,";;;;"1"
"291";"1093";"Warehouse";"21500";"1350000.00";"inclusive";"0.00";"sqft";NULL;NULL;;"0.00";"sqft";;"26500";"3500.00";"48";"2.65";;;"0.00";;NULL;"0.00";NULL;;"0";"Block: 3500, Lot:,48";;"4 Tailgate, 1 Drive-In";"24";"1"
"292";"1093";"Office";"2500";"1350000.00";"inclusive";"0.00";"sqft";NULL;NULL;;"0.00";"sqft";;;"0.00";;;;;"0.00";;NULL;"0.00";NULL;;"0";"Block: , Lot:,";;;;"1"
"293";"1094";"DEFAULT_UNIT";"2804";"600000.00";"inclusive";"55000.00";"year";NULL;NULL;"nnn";"0.00";"sqft";;;"0.00";;".45";;;"0.00";"20";NULL;"0.00";NULL;;"0";"Block: , Lot:,";"Immediately";;;"1"
"294";"1095";"DEFAULT_UNIT";"3374";"700000.00";"inclusive";"75000.00";"year";NULL;NULL;"nnn";"0.00";"sqft";;;"0.00";;;;;"0.00";"20";NULL;"0.00";NULL;;"0";"Block: , Lot:,";"Immediately";;;"1"
"295";"1096";"DEFAULT_UNIT";"35737";"0.00";"inclusive";"16.00";"sqft";NULL;NULL;"nnn";"0.00";"sqft";;;"0.00";;;;;"0.00";"270 Spaces";NULL;"0.00";NULL;;"0";"Block: , Lot:,";;;;"1"
"296";"1097";"DEFAULT_UNIT";"35737";"0.00";"inclusive";"16.00";"sqft";NULL;NULL;"nnn";"0.00";"sqft";;;"0.00";;;;;"0.00";"270 Spaces";NULL;"0.00";NULL;;"0";"Block: , Lot:,";;;;"1"
"297";"1098";"DEFAULT_UNIT";"2650";"0.00";"inclusive";"0.00";"sqft";NULL;NULL;;"0.00";"sqft";;;"0.00";;;;;"0.00";;NULL;"0.00";NULL;;"0";"Block: 0.00, Lot:,";"As soon as possible";;;"0"
"298";"1098";"DEFAULT_UNIT";"2350";"0.00";"inclusive";"0.00";"sqft";NULL;NULL;;"0.00";"sqft";;;"0.00";;;;;"0.00";;NULL;"0.00";NULL;;"0";"Block: 0.00, Lot:,";;;;"0"
"299";"1098";"DEFAULT_UNIT";"630";"0.00";"inclusive";"0.00";"sqft";NULL;NULL;;"0.00";"sqft";;;"0.00";;;;;"0.00";;NULL;"0.00";NULL;;"0";"Block: 0.00, Lot:,";;;;"0"
"300";"1098";"DEFAULT_UNIT";"880";"0.00";"inclusive";"0.00";"sqft";NULL;NULL;;"0.00";"sqft";;;"0.00";;;;;"0.00";;NULL;"0.00";NULL;;"0";"Block: 0.00, Lot:,";;;;"0"
"301";"1098";"101";"2350";"0.00";"inclusive";"0.00";"sqft";NULL;NULL;;"0.00";"sqft";;;"0.00";;;;;"0.00";;NULL;"0.00";NULL;;"0";"Block: , Lot:,";;;;"1"
"302";"1098";"103";"880";"0.00";"inclusive";"0.00";"sqft";NULL;NULL;;"0.00";"sqft";;;"0.00";;;;;"0.00";;NULL;"0.00";NULL;;"0";"Block: , Lot:,";;;;"1"
"303";"1098";"202";"2650";"0.00";"inclusive";"0.00";"sqft";NULL;NULL;;"0.00";"sqft";;;"0.00";;;;;"0.00";;NULL;"0.00";NULL;;"0";"Block: , Lot:,";;;;"1"
"304";"1098";"203";"630";"0.00";"inclusive";"0.00";"sqft";NULL;NULL;;"0.00";"sqft";;;"0.00";;;;;"0.00";;NULL;"0.00";NULL;;"0";"Block: , Lot:,";;;;"1"
"305";"1099";"DEFAULT_UNIT";"1750";"0.00";"inclusive";"11.00";"sqft";NULL;NULL;;"0.00";"sqft";;;"0.00";;;;;"0.00";;NULL;"0.00";NULL;;"0";"Block: , Lot:,";"As soon as possible";;;"1"
"306";"1100";"DEFAULT_UNIT";"6000";"1100000.00";"inclusive";"0.00";"sqft";NULL;NULL;;"0.00";"sqft";;;"0.00";;;;;"0.00";"4:1000";NULL;"0.00";NULL;;"0";"Block: , Lot:,";"Summer 2013";;;"1"
"307";"1101";"DEFAULT_UNIT";"2500";"440000.00";"inclusive";"0.00";"sqft";NULL;NULL;;"0.00";"sqft";;"10,000+/-";"138.00";"5";;;;"0.00";;NULL;"0.00";NULL;;"0";"Block: 138, Lot:,5";;;;"1"
"308";"1102";"DEFAULT_UNIT";;"2500000.00";"inclusive";"150000.00";"year";NULL;NULL;;"0.00";"sqft";;;"0.00";;"12.47";;;"0.00";;NULL;"0.00";NULL;;"0";"Block: , Lot:,";;;;"1"
"309";"1103";"DEFAULT_UNIT";"2224";"259000.00";"inclusive";"0.00";"sqft";NULL;NULL;;"0.00";"sqft";;"9570";"0.00";;;;;"0.00";;NULL;"0.00";NULL;;"0";"Block: , Lot:,";"Immediate";;;"1"
"310";"1104";"DEFAULT_UNIT";"2200";"269000.00";"inclusive";"0.00";"sqft";NULL;NULL;;"0.00";"sqft";;;"0.00";;;;;"0.00";"On site and street";NULL;"0.00";NULL;;"0";"Block: 0.00, Lot:,";"Immediately";;;"1"
"311";"1105";"DEFAULT_UNIT";"2000";"269000.00";"inclusive";"0.00";"sqft";NULL;NULL;;"0.00";"sqft";;;"0.00";;;;;"0.00";"On site and street";NULL;"0.00";NULL;;"0";"Block: , Lot:,";"Immediately";;;"1"
"312";"1106";"DEFAULT_UNIT";"8111";"650000.00";"inclusive";"0.00";"sqft";NULL;NULL;;"0.00";"sqft";;;"0.00";;".89";;;"0.00";;NULL;"0.00";NULL;;"0";"Block: , Lot:,";"Immediately";;;"1"
"313";"1107";"DEFAULT_UNIT";;"0.00";"inclusive";"0.00";"sqft";NULL;NULL;;"0.00";"sqft";;;"199.06";"39";"3.09";;;"0.00";;NULL;"0.00";NULL;;"0";"Block: 199.06, Lot:,39";"Immediately";;;"1"
"314";"1108";"Out parcel";;"0.00";"inclusive";"100000.00";"sqft";NULL;NULL;"nnn";"0.00";"sqft";;;"196.02";"3.05 & 3.0";"1";;;"0.00";;NULL;"0.00";NULL;;"0";"Block: 196.02, Lot:,3.05 & 3.0";"Immediately";;;"1"
"315";"1108";"In line stores";"1200";"0.00";"inclusive";"10.00";"sqft";NULL;NULL;"nnn";"0.00";"sqft";;;"196.02";"3.05 & 3.0";;;;"0.00";;NULL;"0.00";NULL;;"0";"Block: 196.02, Lot:,3.05 & 3.0";"Immediately";;;"1"
"316";"731";"DEFAULT_UNIT";"1800";"0.00";"inclusive";"22.00";"sqft";NULL;NULL;;"0.00";"sqft";;;"0.00";;;;;"0.00";;NULL;"0.00";NULL;;"0";"Block: 0.00, Lot:,";;;;"0"
"317";"1109";"DEFAULT_UNIT";"13000";"640000.00";"inclusive";"0.00";"sqft";NULL;NULL;;"0.00";"sqft";;"25775";"0.00";;;;;"0.00";;NULL;"0.00";NULL;;"0";"Block: , Lot:,";;;;"1"
"318";"1110";"DEFAULT_UNIT";;"0.00";"inclusive";"0.00";"sqft";NULL;NULL;;"0.00";"sqft";;;"0.00";;"11.9";;;"0.00";;NULL;"0.00";NULL;;"0";"Block: 0.00, Lot:,";;;;"1"
"319";"1111";"DEFAULT_UNIT";"1200";"269000.00";"inclusive";"0.00";"sqft";NULL;NULL;;"0.00";"sqft";;;"0.00";;;;;"0.00";;NULL;"0.00";NULL;;"0";"Block: 0.00, Lot:,";"Immediately";;;"1"
"320";"1124";"DEFAULT_UNIT";"2600";"299900.00";"inclusive";"0.00";"sqft";NULL;NULL;;"0.00";"sqft";;;"0.00";;;;;"0.00";;NULL;"0.00";NULL;;"0";"Block: , Lot:,";;;;"1"
"321";"1125";"DEFAULT_UNIT";"6883";"365000.00";"inclusive";"0.00";"sqft";NULL;NULL;;"0.00";"sqft";;"12379";"0.00";;;;;"30570.00";"8 Spaces & Garage";NULL;"0.00";NULL;;"0";"Block: , Lot:,";;;;"1"
"322";"1126";"Suite 101";"2500";"0.00";"inclusive";"15.00";"sqft";NULL;NULL;;"0.00";"sqft";;;"0.00";;;;;"0.00";"5:1000";NULL;"0.00";NULL;;"0";"Block: 0.00, Lot:,";;;;"0"
"323";"1126";"Suite 104";"1550";"0.00";"inclusive";"15.00";"sqft";NULL;NULL;;"0.00";"sqft";;;"0.00";;;;;"0.00";;NULL;"0.00";NULL;;"0";"Block: 0.00, Lot:,";;;;"0"
"324";"1126";"Suite 106";"2852";"0.00";"inclusive";"15.00";"sqft";NULL;NULL;"nnn
electric
janitorial";"0.00";"sqft";;;"0.00";;;;;"0.00";;NULL;"0.00";NULL;;"0";"Block: 0.00, Lot:,";;;;"1"
"325";"1126";"Suite 201";"2000";"0.00";"inclusive";"15.00";"sqft";NULL;NULL;;"0.00";"sqft";;;"0.00";;;;;"0.00";;NULL;"0.00";NULL;;"0";"Block: 0.00, Lot:,";;;;"1"
"326";"1127";"DEFAULT_UNIT";"5283";"395000.00";"inclusive";"0.00";"sqft";NULL;NULL;;"0.00";"sqft";;"12402";"612.00";"19";".22";;;"0.00";"12 Front - 4 Rear";NULL;"0.00";NULL;;"0";"Block: 612, Lot:,19";"Vacant";;;"1"
"327";"1128";"DEFAULT_UNIT";"3000";"450000.00";"inclusive";"0.00";"sqft";NULL;NULL;;"0.00";"sqft";;"13247";"0.00";;;;;"0.00";"16 cars";NULL;"0.00";NULL;;"0";"Block: , Lot:,";;;;"1"
"328";"1129";"DEFAULT_UNIT";;"0.00";"inclusive";"0.00";"sqft";NULL;NULL;"nnn";"0.00";"sqft";;;"0.00";;;;;"0.00";"6:1000";NULL;"0.00";NULL;;"0";"Block: 0.00, Lot:,";;;;"1"
"329";"1130";"DEFAULT_UNIT";"2331";"0.00";"inclusive";"18.50";"sqft";NULL;NULL;"utilities";"0.00";"sqft";;;"0.00";;;;;"0.00";;NULL;"0.00";NULL;;"0";"Block: , Lot:,";"Immediate";;;"1"
"330";"1131";"DEFAULT_UNIT";"5500";"175000.00";"inclusive";"0.00";"sqft";NULL;NULL;;"0.00";"sqft";;;"5832.00";"11";;;;"0.00";"18";NULL;"0.00";NULL;;"0";"Block: 5832, Lot:,11";;;;"1"
"331";"1132";"DEFAULT_UNIT";"32000";"3700000.00";"inclusive";"10.00";"sqft";NULL;NULL;"nnn";"0.00";"sqft";;;"0.00";;;;;"0.00";;NULL;"0.00";NULL;;"0";"Block: 0.00, Lot:,";"Immediately";;;"1"
"332";"1133";"Suite 100";"5700";"925000.00";"inclusive";"15.00";"sqft";NULL;NULL;"nnn";"0.00";"sqft";"22000.00";"21457.00";"0.00";;;;;"0.00";"Ample";NULL;"0.00";NULL;;"0";"Block: , Lot:,";;;;"1"
"333";"1134";"DEFAULT_UNIT";"2000-6000";"0.00";"inclusive";"16.00";"sqft";NULL;NULL;"nnn";"0.00";"sqft";;;"0.00";;;;;"0.00";"25";NULL;"0.00";NULL;;"0";"Block: 0.00, Lot:,";;;;"1"
"334";"0";"DEFAULT_UNIT";;"0.00";"inclusive";"0.00";"sqft";NULL;NULL;;"0.00";"sqft";;;"0.00";;;;;"0.00";;NULL;"0.00";NULL;;"0";"Block: , Lot:,";;;;"1"
"335";"1135";"In-Line";"1800-27000";"0.00";"inclusive";"22.00";"sqft";NULL;NULL;;"0.00";"sqft";;;"0.00";;;;;"0.00";"Approximately 200";NULL;"0.00";NULL;;"0";"Block: 0.00, Lot:,";"Immediately";;;"1"
"336";"1135";"Pad Site";;"0.00";"inclusive";"0.00";"sqft";NULL;NULL;;"0.00";"sqft";;;"0.00";;;;;"0.00";;NULL;"0.00";NULL;;"0";"Block: 0.00, Lot:,";;;;"1"
"337";"1136";"Office";"4000";"569000.00";"inclusive";"0.00";"sqft";NULL;NULL;;"0.00";"sqft";;"20370";"0.00";;;;;"0.00";;NULL;"0.00";NULL;;"0";"Block: 0.00, Lot:,";"14 Spaces";;;"1"
"338";"1136";"Warehouse";"3000";"0.00";"inclusive";"0.00";"sqft";NULL;NULL;;"0.00";"sqft";;;"0.00";;;;;"0.00";;NULL;"0.00";NULL;;"0";"Block: 0.00, Lot:,";;;;"1"
"339";"972";"Unit I";"655";"0.00";"inclusive";"20.00";"sqft";NULL;NULL;"janitorial";"0.00";"sqft";;;"0.00";;;;;"0.00";"100+ Spaces";NULL;"0.00";NULL;;"0";"Block: 0.00, Lot:,";;;;"0"
"340";"972";"Unit L";"1256";"0.00";"inclusive";"20.00";"sqft";NULL;NULL;"janitorial";"0.00";"sqft";;;"0.00";;;;;"0.00";;NULL;"0.00";NULL;;"0";"Block: 0.00, Lot:,";;;;"0"
"341";"972";"Unit N";"878";"0.00";"inclusive";"20.00";"sqft";NULL;NULL;"janitorial";"0.00";"sqft";;;"0.00";;;;;"0.00";;NULL;"0.00";NULL;;"0";"Block: 0.00, Lot:,";;;;"0"
"342";"1137";"In Line";"1800-27000";"0.00";"inclusive";"22.00";"sqft";NULL;NULL;;"0.00";"sqft";;;"0.00";;;;;"0.00";"5 per 1000";NULL;"0.00";NULL;;"0";"Block: 0.00, Lot:,";"Immediately";;;"1"
"343";"1137";"Pad Site";;"0.00";"inclusive";"0.00";"sqft";NULL;NULL;;"0.00";"sqft";;;"0.00";;;;;"0.00";"Approximately 200";NULL;"0.00";NULL;;"0";"Block: 0.00, Lot:,";"Immediately";;;"0"
"344";"1138";"Suite 211";"1289";"0.00";"inclusive";"18.00";"sqft";NULL;NULL;;"0.00";"sqft";;;"0.00";;;;;"0.00";;NULL;"0.00";NULL;;"0";"Block: , Lot:,";"Immediately";;;"1"
"345";"1138";"Suite 204";"2228";"0.00";"inclusive";"18.00";"sqft";NULL;NULL;;"0.00";"sqft";;;"0.00";;;;;"0.00";;NULL;"0.00";NULL;;"0";"Block: , Lot:,";"Immediately";;;"1"
"346";"1138";"Suite 208";"1452";"0.00";"inclusive";"18.00";"sqft";NULL;NULL;;"0.00";"sqft";;;"0.00";;;;;"0.00";;NULL;"0.00";NULL;;"0";"Block: , Lot:,";"Immediately";;;"1"
"347";"1139";"Pad Site";;"0.00";"inclusive";"0.00";"sqft";NULL;NULL;;"0.00";"sqft";;;"0.00";;"Pad site";;;"0.00";"5 per 1000";NULL;"0.00";NULL;;"0";"Block: 0.00, Lot:,";;;;"1"
"348";"1140";"DEFAULT_UNIT";"3500";"500000.00";"inclusive";"0.00";"sqft";NULL;NULL;;"0.00";"sqft";;;"6.03";"17 & 18";;;;"0.00";;NULL;"0.00";NULL;;"0";"Block: 6.03, Lot:,17 & 18";;;;"0"
"349";"1141";"DEFAULT_UNIT";;"1600000.00";"inclusive";"0.00";"sqft";NULL;NULL;;"0.00";"sqft";;;"82.15";"17";"4.71";;;"0.00";;NULL;"0.00";NULL;;"0";"Block: 82.15, Lot:,17";;;;"1"
"350";"972";"Unit B3";"878";"0.00";"inclusive";"20.00";"sqft";NULL;NULL;;"0.00";"sqft";;;"0.00";;;;;"0.00";"100+/- Spaces";NULL;"0.00";NULL;;"0";"Block: , Lot:,";"Immediately";;;"1"
"351";"972";"Unit B7";"655";"0.00";"inclusive";"20.00";"sqft";NULL;NULL;;"0.00";"sqft";;;"0.00";;;;;"0.00";"100+/- Spaces";NULL;"0.00";NULL;;"0";"Block: , Lot:,";"Immediately";;;"1"
"352";"972";"Unit D3";"1256";"0.00";"inclusive";"20.00";"sqft";NULL;NULL;;"0.00";"sqft";;;"0.00";;;;;"0.00";"100+/- Spaces";NULL;"0.00";NULL;;"0";"Block: 0.00, Lot:,";"Immediately";;;"0"
"353";"1142";"Office Area";"10000";"2500000.00";"inclusive";"0.00";"sqft";NULL;NULL;"nnn";"0.00";"sqft";;"46596";"0.00";;;;;"0.00";;NULL;"0.00";NULL;;"0";"Block: 0.00, Lot:,";;;;"1"
"354";"1142";"Warehouse";"55000";"2500000.00";"inclusive";"3.50";"sqft";NULL;NULL;"nnn";"0.00";"sqft";;;"0.00";;;;;"0.00";;NULL;"0.00";NULL;;"0";"Block: 0.00, Lot:,";;;;"1"
"355";"1143";"DEFAULT_UNIT";"1611";"200000.00";"inclusive";"0.00";"sqft";NULL;NULL;;"0.00";"sqft";"225.00/month";"5114.18";"0.00";;;;;"0.00";;NULL;"0.00";NULL;;"0";"Block: 0.00, Lot:,";"Immediate";;;"1"
"356";"1145";"DEFAULT_UNIT";;"0.00";"inclusive";"0.00";"sqft";NULL;NULL;;"0.00";"sqft";;;"0.00";;;;;"0.00";;NULL;"0.00";NULL;;"0";"Block: , Lot:,";;;;"1"
"357";"1146";"DEFAULT_UNIT";"10500";"0.00";"inclusive";"0.00";"sqft";NULL;NULL;;"0.00";"sqft";;;"0.00";;"2.51";;;"0.00";"100+ Spaces";NULL;"0.00";NULL;;"0";"Block: , Lot:,";;;;"1"
"358";"1147";"DEFAULT_UNIT";"6800";"275000.00";"inclusive";"0.00";"sqft";NULL;NULL;;"0.00";"sqft";;"12345.60";"0.00";;;;;"0.00";;NULL;"0.00";NULL;;"0";"Block: , Lot:,";;;;"1"
"359";"1148";"DEFAULT_UNIT";"21000";"2700000.00";"inclusive";"0.00";"sqft";NULL;NULL;;"0.00";"sqft";;;"0.00";;;;;"0.00";"4.5:1000";NULL;"0.00";NULL;;"0";"Block: , Lot:,";;;;"1"
"360";"1149";"DEFAULT_UNIT";"2667-15378";"2400000.00";"inclusive";"16.00";"sqft";NULL;NULL;"electric";"0.00";"sqft";;;"0.00";;;;;"0.00";"4.5:1000";NULL;"0.00";NULL;;"0";"Block: 0.00, Lot:,";;;;"1"
"361";"1150";"DEFAULT_UNIT";"3108";"274900.00";"inclusive";"0.00";"sqft";NULL;NULL;;"0.00";"sqft";;"16766.24";"414.00";"4.01";"4.85";;;"0.00";;NULL;"0.00";NULL;;"0";"Block: 414.00, Lot:,4.01";;;;"1"
"362";"1151";"1st Floor Retail";"5760";"725000.00";"inclusive";"0.00";"sqft";NULL;NULL;;"0.00";"sqft";;"9500";"78.00";"20, 21 & 2";;;;"0.00";;NULL;"0.00";NULL;;"0";"Block: 78, Lot:,20, 21 & 22";;;;"1"
"363";"1151";"2nd & 3rd Floors";"11520";"725000.00";"inclusive";"0.00";"sqft";NULL;NULL;;"0.00";"sqft";;"9500";"78.00";"20, 21 & 2";;;;"0.00";;NULL;"0.00";NULL;;"0";"Block: 78, Lot:,20, 21 & 22";;;;"1"
"364";"959";"LL-1";"708";"0.00";"inclusive";"18.00";"sqft";NULL;NULL;"electric";"0.00";"sqft";;;"0.00";;;;;"0.00";;NULL;"0.00";NULL;;"0";"Block: 0.00, Lot:,";;;;"1"
"365";"959";"306";"1450";"0.00";"inclusive";"18.00";"sqft";NULL;NULL;"electric";"0.00";"sqft";;;"0.00";;;;;"0.00";;NULL;"0.00";NULL;;"0";"Block: 0.00, Lot:,";;;;"0"
"366";"959";"403";"675";"0.00";"inclusive";"18.00";"sqft";NULL;NULL;"electric";"0.00";"sqft";;;"0.00";;;;;"0.00";;NULL;"0.00";NULL;;"0";"Block: 0.00, Lot:,";;;;"1"
"367";"1152";"DEFAULT_UNIT";"20000";"700000.00";"inclusive";"0.00";"sqft";NULL;NULL;;"0.00";"sqft";;"27000";"0.00";;;;;"0.00";;NULL;"0.00";NULL;;"0";"Block: 0.00, Lot:,";;;;"1"
"368";"1152";"DEFAULT_UNIT";"20000";"650000.00";"inclusive";"0.00";"sqft";NULL;NULL;;"0.00";"sqft";;"27000";"0.00";;;;;"0.00";;NULL;"0.00";NULL;;"0";"Block: , Lot:,";;;;"1"
"369";"1153";"DEFAULT_UNIT";"20000";"700000.00";"inclusive";"0.00";"sqft";NULL;NULL;;"0.00";"sqft";;"27000";"0.00";;;;;"0.00";;NULL;"0.00";NULL;;"0";"Block: 0.00, Lot:,";;;;"1"
"370";"1154";"1st Floor";"3550";"750000.00";"inclusive";"15.00";"sqft";NULL;NULL;"nnn";"0.00";"sqft";;;"470.01";"10";;;;"0.00";"30+/-";NULL;"0.00";NULL;;"0";"Block: 470.01, Lot:,10";;;;"1"
"371";"1155";"DEFAULT_UNIT";"8100";"585000.00";"inclusive";"0.00";"sqft";NULL;NULL;;"0.00";"sqft";;"18500";"2102.00";"63";;;;"0.00";"50+/-";NULL;"0.00";NULL;;"0";"Block: 2102, Lot:,63";;;;"1"
"372";"1156";"DEFAULT_UNIT";"800";"70000.00";"inclusive";"0.00";"sqft";NULL;NULL;;"0.00";"sqft";"416.66/month";"3469.31";"0.00";;;;;"0.00";;NULL;"0.00";NULL;;"0";"Block: , Lot:,";;;;"1"
"373";"1157";"DEFAULT_UNIT";"7000-15000";"0.00";"inclusive";"21.00";"sqft";NULL;NULL;"nnn";"0.00";"sqft";;;"117.00";"1";;;;"0.00";"5:1000";NULL;"0.00";NULL;;"0";"Block: 117, Lot:,1";"May 2014";;;"1"
"374";"0";"DEFAULT_UNIT";;"0.00";"inclusive";"0.00";"sqft";NULL;NULL;;"0.00";"sqft";;;"0.00";;;;;"0.00";;NULL;"0.00";NULL;;"0";"Block: , Lot:,";;;;"1"
"375";"1166";"DEFAULT_UNIT";"1361";"106000.00";"inclusive";"0.00";"sqft";NULL;NULL;;"0.00";"sqft";;;"0.00";;;;;"0.00";;NULL;"0.00";NULL;;"0";"Block: , Lot:,";;;;"1"
"376";"1167";"DEFAULT_UNIT";"1100";"0.00";"inclusive";"16.25";"sqft";NULL;NULL;"utilities";"0.00";"sqft";;;"49.00";"7";;;;"0.00";"12 spaces";NULL;"0.00";NULL;;"0";"Block: 49, Lot:,7";;;"11";"1"
"377";"1168";"DEFAULT_UNIT";"2666";"250000.00";"inclusive";"15.00";"sqft";NULL;NULL;"nnn";"0.00";"sqft";"566/month";"848/month";"0.00";;;;;"0.00";;NULL;"0.00";NULL;;"0";"Block: 0.00, Lot:,";;;;"1"
"378";"1169";"Office";"1821";"269000.00";"inclusive";"0.00";"sqft";NULL;NULL;;"0.00";"sqft";;;"201.00";"43";;;;"0.00";;NULL;"0.00";NULL;;"0";"Block: 201, Lot:,43";;;;"1"
"379";"1169";"Residential";"1044";"0.00";"inclusive";"0.00";"sqft";NULL;NULL;;"0.00";"sqft";;;"0.00";;;;;"0.00";;NULL;"0.00";NULL;;"0";"Block: , Lot:,";;;;"1"
"380";"1170";"DEFAULT_UNIT";"3546";"488000.00";"inclusive";"0.00";"sqft";NULL;NULL;;"0.00";"sqft";;"21426";"0.00";;;;;"0.00";;NULL;"0.00";NULL;;"0";"Block: 0.00, Lot:,";;;;"1"
"381";"1171";"DEFAULT UNIT";"1800";"140000.00";"inclusive";"0.00";"sqft";NULL;NULL;;"0.00";"sqft";;"8202.30";"128.00";"2.01";;;;"0.00";;NULL;"0.00";NULL;;"0";"Block: 128, Lot:,2.01";;;;"1"
"382";"1172";"DEFAULT_UNIT";;"375000.00";"inclusive";"0.00";"sqft";NULL;NULL;;"0.00";"sqft";;;"1403.00";"25 & 26";"1.23";;;"0.00";;NULL;"0.00";NULL;;"0";"Block: 1403, Lot:,25 & 26";;;;"1"
"383";"1173";"DEFAULT_UNIT";"6400";"0.00";"inclusive";"0.00";"sqft";NULL;NULL;;"0.00";"sqft";;;"0.00";;;;;"0.00";"4.1/1000";NULL;"0.00";NULL;;"0";"Block: , Lot:,";;;;"1"
"384";"972";"Unit A1";"2058";"0.00";"inclusive";"0.00";"sqft";NULL;NULL;;"0.00";"sqft";;;"0.00";;;;;"0.00";;NULL;"0.00";NULL;;"0";"Block: 0.00, Lot:,";;;;"0"
"385";"972";"Unit A1";"2058";"0.00";"inclusive";"0.00";"sqft";NULL;NULL;;"0.00";"sqft";;;"0.00";;;;;"0.00";;NULL;"0.00";NULL;;"0";"Block: , Lot:,";;;;"1"
"386";"1174";"DEFAULT_UNIT";"5000";"995000.00";"inclusive";"0.00";"sqft";NULL;NULL;;"0.00";"sqft";;"12600";"2900.00";"Q 7.02";;;;"0.00";;NULL;"0.00";NULL;;"0";"Block: 2900, Lot:,Q 7.02";;;;"1"
"387";"1175";"DEFAULT_UNIT";"150000";"0.00";"inclusive";"0.00";"sqft";NULL;NULL;;"0.00";"sqft";;;"437.01";"3, 4, 5, 7";"9";;;"0.00";"420";NULL;"0.00";NULL;;"0";"Block: 437.01, Lot:,3, 4, 5, 7 and 8";;;;"1"
"388";"1176";"DEFAULT_UNIT";"1100";"270000.00";"inclusive";"0.00";"sqft";NULL;NULL;;"0.00";"sqft";;"7000 +/-";"33.01";"7";;;;"0.00";;NULL;"0.00";NULL;;"0";"Block: 33.01, Lot:,7";;;;"1"
"389";"1177";"DEFAULT_UNIT";"16000";"1150000.00";"inclusive";"6.50";"sqft";NULL;NULL;"nnn";"0.00";"sqft";;;"0.00";;;;;"0.00";"5/1000";NULL;"0.00";NULL;;"0";"Block: , Lot:,";;;;"1"
"390";"1178";"29 S. Broadway";"11328";"0.00";"inclusive";"0.00";"sqft";NULL;NULL;;"0.00";"sqft";;"25000";"73.00";"5 and 12";;;;"0.00";;NULL;"0.00";NULL;;"0";"Block: 73.00, Lot:,5 and 12";;;;"1"
"391";"1178";"26 Simpson";"1776";"0.00";"inclusive";"0.00";"sqft";NULL;NULL;;"0.00";"sqft";;"5500";"0.00";;;;;"0.00";;NULL;"0.00";NULL;;"0";"Block: 0.00, Lot:,";;;;"1"
"392";"1179";"DEFAULT_UNIT";;"600000.00";"inclusive";"0.00";"sqft";NULL;NULL;;"0.00";"sqft";;"16640";"17.00";"1";"17.15";;;"0.00";;NULL;"0.00";NULL;;"0";"Block: 17, Lot:,1";;;;"1"
"393";"1180";"DEFAULT_UNIT";;"0.00";"inclusive";"0.00";"sqft";NULL;NULL;;"0.00";"sqft";;;"0.00";;;;;"0.00";;NULL;"0.00";NULL;;"0";"Block: , Lot:,";;;;"1"
"394";"1181";"DEFAULT_UNIT";"1490";"425000.00";"inclusive";"0.00";"sqft";NULL;NULL;;"0.00";"sqft";;"8572.26";"0.00";;;;;"0.00";"13";NULL;"0.00";NULL;;"0";"Block: , Lot:,";;;;"1"
"395";"1182";"DEFAULT_UNIT";"6000";"650000.00";"inclusive";"0.00";"sqft";NULL;NULL;;"0.00";"sqft";;"19547.00";"904.00";"4";"1.22";;;"0.00";;NULL;"0.00";NULL;;"0";"Block: 904, Lot:,4";;;;"1"
"396";"1183";"DEFAULT_UNIT";"2800";"180000.00";"inclusive";"0.00";"sqft";NULL;NULL;;"0.00";"sqft";"1000";;"0.00";;;;;"0.00";;NULL;"0.00";NULL;;"0";"Block: 0.00, Lot:,";;;;"1"
"397";"1183";"DEFAULT_UNIT";"1400";"180000.00";"inclusive";"0.00";"sqft";NULL;NULL;;"0.00";"sqft";"1000";;"0.00";;;;;"0.00";;NULL;"0.00";NULL;;"0";"Block: , Lot:,";;;;"1"
"398";"1184";"DEFAULT_UNIT";"9600";"560000.00";"inclusive";"0.00";"sqft";NULL;NULL;;"0.00";"sqft";;"10976.00";"0.00";;;;;"0.00";;NULL;"0.00";NULL;;"0";"Block: , Lot:,";;;;"1"
"399";"1185";"DEFAULT_UNIT";"7500";"0.00";"inclusive";"10.00";"sqft";NULL;NULL;;"0.00";"sqft";;;"0.00";;;;;"0.00";;NULL;"0.00";NULL;;"0";"Block: , Lot:,";;;"16";"1"
"400";"1186";"DEFAULT_UNIT";;"649000.00";"inclusive";"0.00";"sqft";NULL;NULL;;"0.00";"sqft";;;"1127.00";"1";"4.3";;;"0.00";;NULL;"0.00";NULL;;"0";"Block: 1127.00, Lot:,1";;;;"1"
"401";"1140";"DEFAULT_UNIT";"5000";"990000.00";"inclusive";"0.00";"sqft";NULL;NULL;;"0.00";"sqft";;;"6.03";"17 & 18";;;;"85000.00";;NULL;"0.00";NULL;;"0";"Block: 6.03, Lot:,17 & 18";;;;"1"
"402";"1188";"DEFAULT_UNIT";"10000";"350000.00";"inclusive";"0.00";"sqft";NULL;NULL;;"0.00";"sqft";;"18000";"0.00";;;;;"0.00";;NULL;"0.00";NULL;;"0";"Block: , Lot:,";;"One drive-in, One tailgate";"16";"1"
"403";"1189";"DEFAULT_UNIT";"700-16300";"0.00";"inclusive";"15.00";"sqft";NULL;NULL;"electric";"0.00";"sqft";;;"0.00";;;;;"0.00";"4.5/1000";NULL;"0.00";NULL;;"0";"Block: 0.00, Lot:,";;;;"1"
"404";"1190";"DEFAULT_UNIT";"13500";"400000.00";"inclusive";"0.00";"sqft";NULL;NULL;;"0.00";"sqft";;"14635";"53.00";"42";;;;"0.00";;NULL;"0.00";NULL;;"0";"Block: 53, Lot:,42";;;;"1"
"405";"1191";"DEFAULT_UNIT";;"0.00";"inclusive";"0.00";"sqft";NULL;NULL;;"0.00";"sqft";;;"0.00";;"2.5";;;"0.00";;NULL;"0.00";NULL;;"0";"Block: , Lot:,";"Immediately";;;"1"
"406";"1126";"208";"2852";"0.00";"inclusive";"15.00";"sqft";NULL;NULL;;"0.00";"sqft";;;"0.00";;;;;"0.00";;NULL;"0.00";NULL;;"0";"Block: 0.00, Lot:,";;;;"0"
"407";"1126";"Suite 208";"2852";"0.00";"inclusive";"15.00";"sqft";NULL;NULL;"nnn
electric
janitorial";"0.00";"sqft";;;"0.00";;;;;"0.00";;NULL;"0.00";NULL;;"0";"Block: , Lot:,";;;;"1"
"408";"1192";"DEFAULT_UNIT";"5000";"0.00";"inclusive";"18.00";"sqft";NULL;NULL;"electric";"0.00";"sqft";;;"0.00";;;;;"0.00";;NULL;"0.00";NULL;;"0";"Block: , Lot:,";;;;"1"
"409";"1193";"DEFAULT_UNIT";"9500";"625000.00";"inclusive";"0.00";"sqft";NULL;NULL;;"0.00";"sqft";;"18000";"72.00";"26";;;;"0.00";;NULL;"0.00";NULL;;"0";"Block: 72, Lot:,26";;;;"1"
"410";"1194";"DEFAULT_UNIT";"7000";"700000.00";"inclusive";"0.00";"sqft";NULL;NULL;;"0.00";"sqft";;"14626.41";"0.00";;;;;"0.00";;NULL;"0.00";NULL;;"0";"Block: , Lot:,";;;;"1"
"411";"1195";"DEFAULT_UNIT";"1244-4308";"0.00";"inclusive";"22.00";"sqft";NULL;NULL;"nnn";"0.00";"sqft";;;"0.00";;;;;"0.00";;NULL;"0.00";NULL;;"0";"Block: , Lot:,";"Immediately";;;"1"
"412";"1196";"DEFAULT_UNIT";"1837";"0.00";"inclusive";"18.00";"sqft";NULL;NULL;"nnn";"0.00";"sqft";;;"0.00";;;;;"0.00";"20 plus";NULL;"0.00";NULL;;"0";"Block: , Lot:,";"Immediately";;;"1"
"413";"1197";"DEFAULT_UNIT";"2844";"350000.00";"inclusive";"0.00";"sqft";NULL;NULL;;"0.00";"sqft";;"15000";"435.01";"4";;;;"0.00";;NULL;"0.00";NULL;;"0";"Block: 435.01, Lot:,4";;;;"1"
"414";"959";"405";"1570";"0.00";"inclusive";"18.00";"sqft";NULL;NULL;"electric";"0.00";"sqft";;;"0.00";;;;;"0.00";;NULL;"0.00";NULL;;"0";"Block: , Lot:,";;;;"1"
"415";"1198";"DEFAULT_UNIT";"2666";"0.00";"inclusive";"0.00";"sqft";NULL;NULL;;"0.00";"sqft";;"15142";"0.00";;".84";;;"0.00";;NULL;"0.00";NULL;;"0";"Block: , Lot:,";;;;"1"
"416";"1199";"DEFAULT_UNIT";"17500";"0.00";"inclusive";"0.00";"sqft";NULL;NULL;;"0.00";"sqft";;;"0.00";;;;;"0.00";"60";NULL;"0.00";NULL;;"0";"Block: , Lot:,";;;;"1"
"417";"1200";"DEFAULT_UNIT";"4000";"425000.00";"inclusive";"0.00";"sqft";NULL;NULL;;"0.00";"sqft";;"14626.50";"0.00";;;;;"0.00";;NULL;"0.00";NULL;;"0";"Block: 0.00, Lot:,";;;;"1"
"418";"1201";"DEFAULT_UNIT";"4844";"485000.00";"inclusive";"0.00";"sqft";NULL;NULL;;"0.00";"sqft";;"8232";"6102.00";"2";;;;"0.00";;NULL;"0.00";NULL;;"0";"Block: 6102, Lot:,2";;;;"1"
"419";"1202";"DEFAULT_UNIT";;"300000.00";"inclusive";"0.00";"sqft";NULL;NULL;;"0.00";"sqft";;;"5913.00";"6";"1.14";;;"0.00";;NULL;"0.00";NULL;;"0";"Block: 5913, Lot:,6";;;;"1"
"420";"1203";"DEFAULT_UNIT";"10500";"625000.00";"inclusive";"0.00";"sqft";NULL;NULL;;"0.00";"sqft";;;"0.00";;"10";;;"0.00";;NULL;"0.00";NULL;;"0";"Block: , Lot:,";;"5 drive-in doors";"16";"1"
